event_id,artist,genre,event_date,tm_min_price,prediction,spotify_popularity
11AOvKu94P76v2,,Metal,2018/1/17,32.5,30.03544242610837,68
11FOvKatfz-9v2,House of Blues Gospel Brunch,Religious,2018/2/11,43,47.15416889097744,0
15d0ZfbOvF_rk,Legends In Concert (Las Vegas),Undefined,2017/12/27,52.75,59.49541729791261,0
15vfZfSFaogJd,Mike & the Mechanics,Rock,2018/3/27,45,47.8902344395637,62
164ZAuVZkZA5a26v,Mac McAnally,Rock,2018/1/21,39.5,42.58341785714285,37
16eZZfgAzG7g9qY,,Country,2018/3/24,19.75,35.470789379899564,75
16pZAuaPPZACe2C5,Black Jacket Symphony,Rock,2018/1/20,30,36.484427310325835,0
16vbZfz8eG7lP1e,Corey Smith,Country,2018/2/9,22,28.520619591222236,56
16vfZfVOkG7ng-s,Tedeschi Trucks Band,Rock,2018/2/16,27.5,38.193601179369416,58
16vfZfVOkG7tg-c,Tedeschi Trucks Band,Rock,2018/2/10,27.5,36.694889548361544,58
16vfZfgJfG7gstg,Lee Ann Womack,Country,2018/3/23,35,42.206692142857136,59
16xZAuFFzZA81A1G,Mavis Staples,R&B,2018/2/25,68.5,41.399675198412694,59
16yZAkFZ8ZA81F6a,Legends In Concert (Las Vegas),Undefined,2017/12/23,52.75,57.59830503223557,0
17A8v3G62HO08rz,Lara Fabian,Rock,2018/2/7,73,47.95812274392276,58
17A8v3G62xW6039,Junior Brown,Blues,2018/1/19,25,43.6046,76
17A8v3G6GVwAK0N,Shakira,World,2018/1/16,40.5,42.955524999999994,90
17A8v3G6uLzASzX,Eric Benet,R&B,2018/1/18,69.5,65.30986524864025,60
17C8v3G65U3RZlw,Backstreet Boys,Rock,2018/2/7,80,88.8832348403037,80
17C8v3G6CCcQvhy,,Pop,2017/12/17,42.19,54.988531398117566,0
17C8v3G6CCclorL,,Pop,2017/12/19,42.19,53.38316824594364,0
17C8v3G6CCcrvjL,,Pop,2017/12/26,42.19,53.38316824594364,0
17C8v3G6CCiLvpH,,Pop,2017/12/30,42.19,47.21262322114892,0
17FOv3G65NFEMVh,The Langston Hughes Project,Jazz,2018/2/10,64,38.59953925438596,5
17FOv3G65QH-ILQ,Barrington Henderson,R&B,2018/1/13,44,41.44139642857142,0
1A4ZAC7GkdaON0u,The Oak Ridge Boys,Country,2018/3/16,59.5,53.06352964285716,55
1A4ZAG4Gkdl943u,The Ventures,Rock,2018/1/25,29.5,35.66331021645022,52
1A4ZAGIGkdy0AGl,Robin Trower,Rock,2018/3/21,55,56.51642698412698,51
1A4ZAGdGkelS79L,Charles Esten,Country,2017/12/27,55,53.346217765567765,53
1A4ZAGgGkdkxSvJ,Celebrating David Bowie,Undefined,2018/2/10,35,28.83033107067216,0
1A4ZAuNGkdMQgRf,Rakim,Hip-Hop/Rap,2017/12/29,26.5,42.201571370365734,60
1A4ZAuYGkdmcAA1,Travis Greene,Religious,2018/2/25,25,39.44028055555557,59
1A4ZAukGkdKVNx9,,Hip-Hop/Rap,2017/12/22,35,43.45777824536574,61
1A4ZAuxGkdbZf6h,Phillip Phillips,Rock,2018/2/17,29.5,32.30102904040403,67
1A9ZAG9Gkdlg4bp,Stellar Gospel Music Awards,Religious,2018/3/24,46,51.73630474534765,0
1A9ZAGeGkeXJNJe,Santana,Rock,2018/1/27,89.5,81.23999751231574,74
1A9ZAuAGkdU37mO,Purple Reign - Prince Tribute,Undefined,2018/2/23,36.61,54.75699040943521,0
1A9ZAuAGkdUKfmE,Purple Reign - Prince Tribute,Undefined,2018/2/24,36.61,57.251683991356394,0
1A9ZAuAGkdUTfUi,Purple Reign - Prince Tribute,Undefined,2018/3/23,36.61,52.69560165820989,0
1A9ZAuAGkdUYVwn,Purple Reign - Prince Tribute,Undefined,2018/3/3,36.61,52.31680988473322,0
1A9ZAuAGkdUa7cP,Purple Reign - Prince Tribute,Undefined,2018/2/10,36.61,57.251683991356394,0
1A9ZAuAGkdUi0wQ,Purple Reign - Prince Tribute,Undefined,2017/12/29,36.61,57.933339597973514,0
1A9ZAuAGkdUm7wr,Purple Reign - Prince Tribute,Undefined,2017/12/30,36.61,57.59830503223557,0
1A9ZAusGkeMgKpd,Purple Reign - Prince Tribute,Undefined,2018/1/13,36.61,56.27614358719844,0
1AOZA1dGkd3Czwk,Joe Bonamassa,Blues,2017/12/8,89,23.05829166666666,64
1AOZAGVGkdLc6Tb,,Religious,2018/3/15,12,43.861043782051276,70
1AOZAGyGkdkZMMN,,Rock,2018/1/29,22,40.450682746031724,81
1AOZAu3GkdtrbbV,,Country,2018/2/15,43,50.21871318681318,80
1AYZAukGkd-Ix-P,Jason Isbell,Rock,2018/2/3,35,40.490774526756034,62
1A_ZAGbGkd9nVED,Johnny Mathis,Pop,2018/3/25,54,43.65839999999999,69
1Ad0ZfIGknkYNAa,Celine Dion,Pop,2018/1/9,50.46,60.49652501855378,79
1Ad0ZfVGkS2PU9r,,Pop,2018/2/7,68.99,72.4263348685415,0
1Ad0ZfVGkS2Sp9w,,Pop,2018/2/22,68.99,70.33990655352318,0
1Ad0ZfVGkS2YJ9m,,Pop,2018/2/19,68.99,73.37822159998552,0
1Ad0ZfVGkS2zU9B,,Pop,2018/3/1,68.99,71.0297619694355,0
1Ad0ZfVGkS8epb1,,Pop,2018/1/8,68.99,73.34068519542578,0
1Ad0ZfVGkS8rkbg,,Pop,2018/2/2,68.99,70.62381201361454,0
1Ad0ZfVGkSC0kZg,,Pop,2018/2/13,68.99,73.35708416890782,0
1Ad0ZfVGkSC_gDp,,Pop,2018/1/20,68.99,70.33294379642143,0
1Ad0ZfVGkSCyJ89,,Pop,2018/3/23,68.99,71.32977021467275,0
1Ad0ZfYGklchKj3,Paul Shaffer,Rock,2017/12/30,49,45.36239120569473,40
1AdZZfYGkwh4soy,,Rock,2017/12/20,75,60.32511679147053,79
1AdZZfYGkwh4voo,,Rock,2017/12/7,75,60.83157380901439,79
1AdZZfYGkwh_v3P,,Rock,2018/1/25,75,55.7333336196683,79
1AdZZfYGkwhps39,,Rock,2018/1/16,75,55.643287653328144,79
1AdZZfYGkwhpv3Z,,Rock,2017/12/23,75,64.3686823470261,79
1AeFZfMGkDCDMH7,Tank,Hip-Hop/Rap,2017/12/29,30,33.529560096153844,69
1AeFZfUGkIYNjP_,JJ Grey & Mofro,Rock,2018/2/9,22,34.55085267003138,54
1AeFZfVGkVTgi91,Robin Trower,Rock,2018/3/13,58,40.20232289771881,51
1AeFZfYGkTOLQ11,Trans-Siberian Orchestra,World,2017/12/16,45,42.22454354163349,69
1AeFZfYGkt4hE-e,Trans-Siberian Orchestra,World,2017/12/14,28.75,38.59571187857432,69
1AeFZfgGkDxRnoO,Don McLean,Rock,2018/2/16,25,27.940485046897546,66
1AeFZfwGkD5Vy0d,La Sonora Ponceña,World,2018/1/6,20.5,36.77596666666666,19
1AeZZfgGknCp9zn,,Country,2018/2/8,25.5,32.498211412216804,75
1ApZAGJGkdFQf9F,,Undefined,2017/12/12,35,24.7642297008547,0
1ApZAGpGkeEgSL4,,Religious,2017/12/16,15,27.360919021464642,70
1ApZAGsGkeD9-4l,The Spinners,R&B,2017/12/8,50,43.62238749999999,61
1ApZAGyGkexPKSQ,Greensky Bluegrass,Country,2018/2/8,25,34.273304487179495,59
1ApZAu7GkdcHkej,,Dance/Electronic,2018/3/7,32.5,29.022743814699787,65
1ApZAu7Gkew9KRI,,Rock,2018/3/27,44.45,42.40019722222217,89
1ApZAu9GkdEWUdV,Kid Rock,Rock,2018/1/20,36.5,34.102325055816316,72
1ApZAuEGkdmsg_8,Kansas,Rock,2018/3/23,49.5,49.50988089813438,70
1ApZAuIGkd32UPe,Dressed To Kill,Undefined,2018/2/17,13,20.280027238462022,3
1ApZAueGkdev4tj,,Undefined,2018/2/15,11.75,16.539062499999996,42
1ApZAutGkeMyStC,Blackbear,Hip-Hop/Rap,2017/12/15,28,36.78689880952381,89
1Av0ZfVGkRVmU4f,Mannheim Steamroller Christmas,New Age,2017/12/17,20,27.96649155844156,0
1AvbZfMGkMAhKE2,Corey Smith,Country,2018/2/8,22,23.230726410462143,56
1AvbZfSGkSizJGQ,,Rock,2018/1/19,26.75,27.04094682729551,62
1AvbZfUGkBE8KGe,Jamey Johnson,Country,2018/1/27,40,21.535085873015873,64
1AvbZfUGkT0GfJD,,Metal,2018/2/3,25,28.24025977443609,70
1AvbZfUGkTIH7mV,The Doors of Chicago,Undefined,2018/3/23,7.5,13.933573412698408,0
1AvbZfUGknw87yE,,Rock,2018/3/30,22,25.290901513808926,64
1AvbZfVGkSA4pa6,The Avett Brothers,Country,2018/1/18,59.5,45.75746042759325,69
1AvbZfVGkSAppau,The Avett Brothers,Country,2018/1/19,59.5,43.93103959425992,69
1AvbZfVGkUz3gUH,,Country,2018/2/8,37,32.03931717145757,77
1AvbZfVGkzNa0Rs,Sundy Best,Folk,2017/12/30,26,27.29870054945055,47
1AvbZfYGkllJpI9,,Rock,2017/12/15,39.5,41.05792852460039,63
1AvbZfsGkD18Sme,The Prince Experience,Undefined,2017/12/23,25,24.28688446275946,0
1AvbZfwGkBi9N0Y,Machine Head,Metal,2018/2/15,25,26.68421325944171,66
1AvfZfSGkIZFguE,,Rock,2017/12/11,40,44.89210156810035,86
1AvfZfSGkSnr7U2,,Rock,2018/1/29,35,30.38286991528586,62
1AvfZfSGkn-Meq8,Aaron Neville,R&B,2017/12/7,89.5,71.95864285714286,58
1AvfZfSGkn0xwNk,The Musical Box,Undefined,2018/2/27,45,45.634118642625,0
1AvfZfUGkD7MNBK,Rachelle Ferrell,Pop,2018/3/2,59.5,53.097657633053224,40
1AvfZfUGkTKyKTg,Romeo Santos,World,2018/3/10,49.5,48.15238095238092,86
1AvfZfUGkXx4eE4,Widespread Panic,Rock,2018/3/16,62.73,62.77606578014168,57
1AvfZfVGkSskPeh,The High Kings,World,2018/3/18,35,41.636736553030296,58
1AvfZfVGkwrBec2,,Country,2018/2/9,39,42.55295288461539,77
1AvfZfwGkBXpS8U,Bruno Mars,Rock,2017/12/20,136.37,119.09685482256774,92
1AvfZfwGkHv2kdd,,Rock,2018/1/20,35,32.19942272727272,77
1AvfZfwGkRdrxki,Action Bronson,Hip-Hop/Rap,2017/12/22,29.5,30.779814056776555,71
1AvjZfwGknKUZV7,House of Blues Gospel Brunch,Religious,2017/12/17,54.5,68.7731463775017,0
1AxZACvGkd7KBSt,Fleet Foxes,Rock,2018/3/2,48.14,47.347698485929826,73
1AxZAGgGkdaW1BR,,World,2017/12/14,35.5,41.00988799019608,98
1AxZAu3Gkd6J_qo,Foreigner,Rock,2018/3/16,44.14,44.19885404148536,72
1AxZAuEGkd4gQLX,AJR,Pop,2018/2/13,18,27.641026190476197,76
1AxZAuIGkdbZamM,,R&B,2017/12/29,39,42.43284989284806,71
1AxZAubGkdnwaI1,,Dance/Electronic,2017/12/16,55,39.316781838118025,75
1AyZAG4GkdU5NN9,Jennifer Lopez,World,2018/2/21,109,101.18404927575702,82
1AyZAGFGkdv8S4d,Lionel Richie,R&B,2018/3/17,59,62.10263563334985,73
1AyZAGFGkdvadfG,Lionel Richie,R&B,2017/12/16,59,63.96760307449495,73
1AyZAGFGkdvuNfL,Lionel Richie,R&B,2018/3/10,59,62.10263563334985,73
1AyZAGVGkd940wo,Wayne Newton,Pop,2018/1/24,71,73.48264294894373,48
1AyZAGVGkd9b7w9,Wayne Newton,Pop,2018/1/30,71,73.78794943246021,48
1AyZAGVGkd9z7Dp,Wayne Newton,Pop,2018/3/27,71,74.76332937858672,48
1FFOvKbw8pZ7G5eA,Reggaeton Old School,Hip-Hop/Rap,2017/12/16,23,38.24246388888889,0
1axZAGw-FCeZeu7,Ana Popovic,Rock,2018/3/7,36,40.98609850017192,45
1kA8vKfyGAGB3is,Brockhampton,Hip-Hop/Rap,2018/1/28,28.5,30.689181060606057,75
1kA8vKqZGA1fbWC,Black Alley,R&B,2018/1/14,20,28.189332800532803,35
1kAOvKb_GA5X3rR,,Country,2018/2/18,51.75,43.98557772727272,82
1kAYvK7tGAGxK1N,CAKE,Rock,2018/2/17,25,42.058720476190466,69
1kC8vopbGAGL7yY,Tenors of Rock,Rock,2017/12/20,35,50.976125909476984,2
1kFZvKA_GA18ELF,Jennifer Nettles,Folk,2017/12/14,44.5,40.30413333333333,54
G5dIZfSMLO_VT,,Pop,2018/3/29,29.5,32.90125893308081,76
G5dIZfSQDZfG-,,Rock,2018/3/3,37.5,34.8364048143614,74
G5dIZfU1PYf4-,,Rock,2018/2/23,48.5,50.78295761375061,67
G5dIZfU5lrUCu,,Metal,2018/3/30,32,28.20968545253706,57
G5dIZfU84NJhG,,Rock,2018/3/1,34.25,33.01954031575301,72
G5dIZfUJQbNtr,Wynonna and The Big Noise,Country,2017/12/8,35,32.4096974025974,0
G5dIZfYlGCwD-,Trans-Siberian Orchestra,World,2017/12/23,45.75,41.93367014305139,69
G5dIZfYr4xe6O,The Fab Four,Undefined,2018/2/2,18.5,25.21174166666666,89
G5dIZfgRhK49r,Above & Beyond,Dance/Electronic,2018/2/24,37.5,28.770381798245616,70
G5dIZfgwJeomu,,R&B,2018/3/2,30,29.59397420634921,56
G5dIZfmUvHsRQ,Mannheim Steamroller Christmas,New Age,2017/12/29,55,50.04486441919192,0
G5dIZfwhuPVtd,The Moody Blues,Rock,2018/1/21,37.75,38.09552117297906,63
G5dIZfwxcIVi5,,Rock,2018/1/20,25,32.99368120668715,64
G5dYZfUQSJweV,Ricardo Montaner,World,2018/3/10,55,52.98420882936509,73
G5diZfMCrMoce,Romeo Santos,World,2018/2/17,59.5,46.144109305555546,86
G5diZfMSLasTW,Aska Yang,World,2018/3/24,104,41.81300772005772,52
G5diZfUUhKejY,Maluma,World,2018/3/25,56.5,48.58194166666667,92
G5diZfYUi48gH,Phish,Rock,2017/12/31,90,55.52817181286551,62
G5diZfYUiGOgw,Phish,Rock,2017/12/30,80,50.952915297714,62
G5diZfg6vDoUk,Ricardo Arjona,World,2018/2/22,74,43.72724047619045,80
G5diZfs31AORT,Aquarium,Rock,2017/12/10,69,49.11167904735609,46
G5ezZf4Rd6pzs,The Australian Bee Gees,Undefined,2017/12/23,57.84,57.59830503223557,0
G5ezZfwL73emS,The Australian Bee Gees,Undefined,2018/2/21,57.85,57.58960485641648,0
G5ezZfwL7LxU6,The Australian Bee Gees,Undefined,2018/2/8,57.85,56.39204234554315,0
G5ezZfwL7dxxv,The Australian Bee Gees,Undefined,2018/1/28,57.85,66.8787015624939,0
G5ezZfwL7ex-l,The Australian Bee Gees,Undefined,2018/1/27,57.85,56.27614358719844,0
G5ezZfwL7q3gT,The Australian Bee Gees,Undefined,2018/2/6,57.85,62.0494457578949,0
G5ezZfwLdmead,The Australian Bee Gees,Undefined,2018/1/2,57.85,61.01635945276539,0
G5ezZfwLdw3aa,The Australian Bee Gees,Undefined,2018/1/6,57.85,56.27614358719844,0
G5vVZfMRKIsrn,Tina Karol,World,2018/1/20,40,38.10099696969697,36
G5vVZfMkLPePy,Beatlemania Now,Undefined,2018/1/26,39,29.41253718303202,0
G5vVZfR5RJ7K-,Sweet Honey In the Rock,Undefined,2018/1/14,31.5,28.64692104241338,41
G5vVZfRJj5wkI,Abba Mania,Undefined,2018/2/1,25,25.544165929487185,0
G5vVZfSNDBwdZ,,Rock,2018/1/20,25,59.810891319355314,78
G5vVZfSNtzsyw,,Rock,2018/3/8,30,39.486102916316774,68
G5vVZfSUtx3CE,,Rock,2018/3/24,29,34.557136701631705,4
G5vVZfUr0Evb7,,Hip-Hop/Rap,2017/12/15,75,60.50990208333337,89
G5vVZfVSjAoF0,Jason Isbell & the 400 Unit,Rock,2018/2/5,32.5,30.860208738755333,63
G5vVZfVhZ1vGY,Yalla,Folk,2018/1/6,35,30.15123159722222,12
G5vVZfYE2-Kh-,Holiday Express Benefit Concert,Holiday,2017/12/18,25,27.427747695852535,0
G5vVZfgPM_YDQ,Omer Adam,World,2018/3/18,85,39.0937369122257,52
G5vVZfgrcQs7y,Rod Stewart,Rock,2018/3/24,99,65.20276465201465,78
G5vVZfml-yS6U,Chris Botti,Jazz,2018/1/19,30,31.859741987179486,62
G5vVZfwT0KS2R,,Country,2018/2/23,39,38.81179668407678,70
G5vYZfRSvSzUW,Buddy Guy,Blues,2018/3/17,43,34.40379322344322,59
G5vYZfRnPmgIG,Dave Koz,Jazz,2017/12/21,55,42.13705964590965,57
G5vYZfSUhyft3,Pixies,Rock,2017/12/8,75,63.65830952380952,72
G5vYZfSowqsLS,Marshmello,Dance/Electronic,2018/1/13,49.5,43.48520833333332,93
G5vYZfSw0Fpk8,,R&B,2017/12/31,53.75,51.57133795454544,57
G5vYZfSxsQKS4,,Rock,2018/3/10,37.5,38.55001253623327,74
G5vYZfU1m3pew,Loverboy,Rock,2018/2/16,59.95,43.51145708316635,60
G5vYZfU2PHM0P,,Dance/Electronic,2018/1/27,45,42.052963257575755,65
G5vYZfVhpwMlD,,Rock,2018/1/17,36,37.38702991452991,73
G5vYZfg6B_EQB,,Rock,2018/2/1,49.5,40.51441388888887,78
G5vYZfgAactPC,Above & Beyond,Dance/Electronic,2018/3/2,59.5,43.15068928571428,70
G5vYZfgRniQQv,,Rock,2018/2/17,29.5,33.510782638888884,84
G5vYZfgTd-Sge,Glen Hansard,Rock,2018/3/12,39.5,38.05114808913308,63
G5vYZfn92o0PY,Ricardo Arjona,World,2018/3/11,60.5,54.528102976190496,80
G5vYZfnTJaUpn,Pixies,Rock,2017/12/9,75,65.12843452380952,72
G5vYZfnXRo7ma,Kehlani,R&B,2017/12/8,35,38.930356926406915,84
G5vYZfsBop77R,Todd Rundgren,Rock,2017/12/22,45,47.979540043290044,57
G5vYZfwL_74wu,,Rock,2018/2/22,36,40.01193065581042,64
G5vYZfwNpAAB2,,Rock,2018/2/13,29.5,36.04864374999999,93
G5vYZfwTMWnlF,Machine Head,Metal,2018/3/3,29.5,32.39874954212454,66
G5vYZfwUWOVwn,,Religious,2018/2/13,12,35.84602067982456,70
G5vYZfz2h4xNJ,Kali Uchis,Rock,2018/2/19,35,46.196923622542926,78
G5viZfISt8Xwx,Janet Jackson,Rock,2017/12/7,25.8,33.59023608903493,71
G5viZfM6CwQ6h,Willie Nelson,Country,2018/2/9,79,43.431416198547815,73
G5viZfMFOT_2Q,,Metal,2018/3/16,20,23.109034689922478,57
G5viZfMKpS6ax,Ella Vos,Rock,2018/2/27,15,26.480371974206346,72
G5viZfMpXv6QH,KC & the Sunshine Band,Rock,2018/2/17,35,33.77532172265643,65
G5viZfR2e__S4,,Dance/Electronic,2017/12/13,25,26.54120238095238,59
G5viZfRJbIxo8,Blackberry Smoke,Rock,2018/1/19,30,28.38949630444162,56
G5viZfSek2o0X,,Rock,2017/12/8,50,44.219013234126976,64
G5viZfSnQcdO_,Rascal Flatts,Country,2017/12/16,80,26.475881941738802,76
G5viZfSp26e76,Starship,Rock,2017/12/30,35,38.03937869047618,68
G5viZfUuANmzE,Easton Corbin,Country,2018/2/9,15,18.86591399610806,68
G5viZfV2iU4b1,Dwight Yoakam,Country,2018/1/16,45,42.787280937118425,62
G5viZfgCUBJfp,,Country,2017/12/10,63.65,55.16262904188941,54
G5viZfgCUgJKH,,Country,2017/12/9,63.65,53.127174481074405,54
G5viZfgEdkgUY,The Black Lillies,Country,2017/12/31,36.5,30.922301325757573,36
G5viZfgR1cEc1,Michael McDonald,Rock,2018/2/23,39,36.41821509792084,61
G5viZfgRBTag7,,Hip-Hop/Rap,2017/12/14,15,25.642640222787836,64
G5viZfgRoHETZ,Luke Combs,Country,2018/2/3,25,38.3726052534965,77
G5viZfgXFF-GH,Tommy James and the Shondells,Rock,2018/1/12,25,36.21221525974026,56
G5viZfgdvMkkg,,Country,2018/3/9,50.25,43.44043047452547,82
G5viZfgxSGVq9,,Rock,2018/3/28,26.6,33.32761622945206,94
G5viZfiLNI7rx,,Rock,2018/3/30,34,39.93466506047608,31
G5viZfiLNtfrP,,Rock,2018/3/31,34,40.19176676551562,31
G5viZfmC1vo18,Ronnie Milsap,Country,2017/12/16,35,33.20213511661178,55
G5viZft34cTdz,NEEDTOBREATHE,Rock,2017/12/13,40.5,35.50311309523809,71
G5viZftG7i5OX,NEEDTOBREATHE,Rock,2017/12/17,40.5,47.57685741892611,71
G5viZfwQdIdcj,Chris Janson,Country,2018/2/5,31.75,35.365082493894995,65
G5vzZfM6KywkO,,Country,2018/2/1,26.99,31.887452748741172,74
G5vzZfmpDfxG0,Marilyn Manson,Rock,2018/1/20,49.75,43.34854563492064,78
k7v16AuAPNOJZeCA,Marah,Rock,2017/12/21,20,20.943765382081686,25
k7v16Augjb0fZeGa,Strictly Hip,Rock,2018/1/12,10,14.927179307359308,0
k7v16Augq_f4Ze57,Strictly Hip,Rock,2018/1/19,10,14.927179307359308,0
k7v1AACvAzZA5Fu78,,Rock,2018/3/27,27.5,37.78490580148171,62
k7v1FfU03qt_A,,Rock,2018/3/20,20,32.05476619123215,64
k7v1FvKpZPF3Kv5,,Rock,2018/3/1,39,36.88084080010889,64
k7v1kvKfZ8PZ7G7v6,The White Panda,Dance/Electronic,2017/12/27,28,34.92406336580086,55
k7vGFfM9uV0SW,The Pointer Sisters,Pop,2017/12/30,79.5,52.796995512820516,67
k7vGFfMDAl7g7,ProgNation,Undefined,2018/2/17,12,17.04915942204301,0
k7vGFfMDfgPKO,Brit Floyd,Undefined,2018/3/29,49.5,40.407540606060614,0
k7vGFfMKG2J3Z,Fetty Wap,Hip-Hop/Rap,2018/1/20,35,42.35743785714287,85
k7vGFfMMbb7Ch,,Undefined,2017/12/18,20,27.445981272546895,6
k7vGFfMQ-3NYz,LANCO,Rock,2018/1/25,18,22.789496292815375,69
k7vGFfMdHRBu8,,World,2017/12/16,15,26.11413858543417,2
k7vGFfMdWlQCr,Travis Greene,Religious,2018/2/22,25,38.847204171421225,59
k7vGFfMdqzaCJ,,Religious,2017/12/16,38.5,43.94985451839824,55
k7vGFfMgvw9Pe,The Bob Polding Band,Country,2017/12/15,12,14.946596929700734,0
k7vGFfR2CykQJ,Molotov,World,2018/2/18,45,47.62621626984127,70
k7vGFfRm-MNyJ,Kashmir,Rock,2018/2/17,29,34.31926488724238,50
k7vGFfRmjfKL6,,Undefined,2018/1/27,40,40.90208846543235,1
k7vGFfRnsQYyZ,A Decade of Soul,R&B,2018/2/23,20,28.548287240175274,0
k7vGFfRns_OzD,A Decade of Soul,R&B,2018/2/16,20,28.548287240175274,0
k7vGFfRnsfOz0,A Decade of Soul,R&B,2018/2/9,20,28.548287240175274,0
k7vGFfSKr6BmA,Melissa Etheridge,Rock,2017/12/16,43,47.000157305194804,56
k7vGFfSM5Wz_e,,Pop,2018/1/23,20,38.76129263514264,55
k7vGFfSUMp9Fk,Harlem Gospel Choir,Religious,2018/3/30,20,39.80237392344497,22
k7vGFfSmFjeKr,,Rock,2018/3/16,39.95,35.577845197706004,94
k7vGFfU9Sh03a,,Reggae,2018/1/10,20,30.783250000000002,63
k7vGFfUDWRq0I,Greg Kihn,Rock,2018/1/11,25,33.562233333353745,43
k7vGFfUEfIEke,The Harlem Blues Project,Blues,2018/3/20,15,34.216254473304474,0
k7vGFfUEfJ9A-,The Harlem Blues Project,Blues,2018/3/13,15,34.216254473304474,0
k7vGFfUMJcgPt,Pedrito Martinez,Hip-Hop/Rap,2018/2/15,15,32.721017497877945,42
k7vGFfUMJlPPN,Pedrito Martinez,Hip-Hop/Rap,2017/12/21,15,31.058993452380943,42
k7vGFfUs7sFsg,The Everyone Orchestra,Rock,2017/12/30,29.5,33.98500317460317,0
k7vGFfVCHLdk5,Walk Off the Earth,Rock,2018/3/21,25,33.06586323252376,67
k7vGFfVJjyeo3,A Celtic Christmas,Holiday,2017/12/18,33,26.621876483731327,0
k7vGFfVK9oVQh,,Blues,2018/3/26,12.5,32.65162754706534,32
k7vGFfVMeediq,,Pop,2018/2/8,15,29.490715277777777,88
k7vGFfVRILUa6,A Decade of Soul,R&B,2018/3/30,20,28.615115017953052,0
k7vGFfVRIrUav,A Decade of Soul,R&B,2018/3/23,20,28.615115017953052,0
k7vGFfVbLRFe0,The Temptations & the Four Tops,R&B,2018/3/9,49.5,48.181633075318395,0
k7vGFfVlPqfd_,,Rock,2017/12/16,28,24.6452125,70
k7vGFfVwxk31M,A Decade of Soul,R&B,2018/3/24,20,28.508158735648408,0
k7vGFfY22Nz9o,Slam Allen,Blues,2017/12/28,16,33.52964186889499,12
k7vGFfY22PF9R,Slam Allen,Blues,2017/12/28,16,33.52964186889499,12
k7vGFfYJtL7c3,Jeff Jensen,Blues,2017/12/28,10,18.64752849206349,25
k7vGFfYNAZU1D,,Rock,2017/12/10,25,27.24229949298889,40
k7vGFfYR_k9qw,The New York Bee Gees,Undefined,2017/12/22,20,24.052268589743594,0
k7vGFfYlCO9hu,Gene Dinapoli,Undefined,2018/1/6,18,29.13994567358522,0
k7vGFfYxTRgy6,Todd Rundgren,Rock,2017/12/9,25,35.92988253246753,57
k7vGFfcBg4SUM,The Chieftains,Pop,2018/3/16,39,42.072806060606055,53
k7vGFfcBssKmI,Satisfaction - International Rolling Stones Tribute Show,Undefined,2018/1/5,29,29.59460191197691,0
k7vGFfcLNIFNz,The Harlem Blues Project,Blues,2018/1/30,15,31.293633984071484,0
k7vGFfcLNrFxM,The Harlem Blues Project,Blues,2018/1/9,15,31.293633984071484,0
k7vGFfcLNxFNn,The Harlem Blues Project,Blues,2018/1/23,15,31.293633984071484,0
k7vGFfcR8B94f,A Decade of Soul,R&B,2018/1/12,20,28.939774576776585,0
k7vGFfcR8DE4Q,A Decade of Soul,R&B,2018/1/19,20,28.939774576776585,0
k7vGFfcd5o6Vk,A Decade of Soul,R&B,2017/12/23,20,28.39129062275761,0
k7vGFfcdeS95U,A Decade of Soul,R&B,2017/12/15,20,28.93915173386872,0
k7vGFfcdeV65X,A Decade of Soul,R&B,2017/12/15,20,28.93915173386872,0
k7vGFfg3Sb43G,Strawberry Fields: A Tribute to The Beatles,Undefined,2018/1/1,22,32.828678139020475,0
k7vGFfgCh-wNg,Bobby Bandiera,Rock,2017/12/16,20,18.92331260430391,3
k7vGFfgK8-6et,Pink Talking Fish,Undefined,2017/12/30,25,33.16768181237026,0
k7vGFfgLEw9kS,,Rock,2018/3/10,38,49.05534162216911,72
k7vGFfgLH89DD,Brockhampton,Hip-Hop/Rap,2018/2/3,28.5,39.01014238095238,75
k7vGFfgVHxA4i,,Rock,2018/2/8,16,19.12516636904762,9
k7vGFfgeN-eUU,,Undefined,2018/3/15,33.5,29.20487882936508,0
k7vGFfgiXmBwJ,,Rock,2018/1/17,16,37.179307370427786,69
k7vGFfgngAfo7,Ornament,Undefined,2017/12/16,10,15.356680811965811,4
k7vGFfiHfI6or,Rufus Wainwright,Rock,2018/1/21,29,35.46692451951557,63
k7vGFfmQTSVSr,Strawberry Fields: A Tribute to The Beatles,Undefined,2018/3/10,47,34.07483257716102,0
k7vGFfmSA3hjJ,The Harlem Blues Project,Blues,2018/2/13,15,32.060847668997674,0
k7vGFfmSA85jK,The Harlem Blues Project,Blues,2018/2/6,15,32.060847668997674,0
k7vGFfmSA8Djj,The Harlem Blues Project,Blues,2018/2/6,15,32.060847668997674,0
k7vGFfmhoD4Mu,Harlem Gospel Choir,Religious,2018/3/4,47,44.406803759230954,22
k7vGFfmqDZskj,Trans-Siberian Orchestra,World,2017/12/27,43.75,40.40787784286791,69
k7vGFfmqDv-k-,Trans-Siberian Orchestra,World,2017/12/27,43.75,40.40787784286791,69
k7vGFfs1mlbMZ,,Metal,2018/2/21,22,25.708601356589146,51
k7vGFfskBeP2K,Tower of Power,R&B,2018/1/20,49.5,44.71981839555372,55
k7vGFftRufdhF,Strawberry Fields: A Tribute to The Beatles,Undefined,2017/12/30,44,33.16768181237026,0
k7vGFftRxnJJF,Harlem Gospel Choir,Religious,2018/1/7,44,40.06610019349845,22
k7vGFfw6VIQLR,Above & Beyond,Dance/Electronic,2018/1/27,38.75,40.294376282051275,70
k7vGFfw9MnEE6,,Rock,2017/12/8,25,20.673288382034634,36
k7vGFfwD6M7Q6,Driftwood,Country,2017/12/29,14,17.17912541666667,26
k7vGFfwEAZx_A,Celtic Woman,World,2018/3/31,39,32.57761576925464,63
k7vGFfwNhe0LR,,R&B,2017/12/10,20,28.9852869704417,0
k7vGFfwNhv0Lx,,R&B,2017/12/10,20,28.9852869704417,0
k7vGFfwhYoUVx,The Musical Box,Undefined,2018/2/24,29.5,34.30547853174603,0
k7vGFfwlHd0aD,,R&B,2017/12/8,20,29.76318174603175,25
k7vGFfwmZHvC6,,Rock,2017/12/6,35,35.82509314586698,71
k7vGFfz3ScdY2,Timeflies,Rock,2018/3/28,30,38.358888887701056,74
k7vGFfz7nQICa,Steve Winwood,Rock,2018/3/8,49,47.40593492296918,65
k7vGFfzKykUfw,Dizzy Wright,Hip-Hop/Rap,2018/2/16,22.5,38.959211799270996,68
vv11eZvKotZ016v5,,Rock,2017/12/28,19.5,25.64350339194756,67
vv166ZAGgPEZACeu12,Boyz II Men,R&B,2018/3/23,60,54.61568119588745,73
vv16AZACA-6ZA8eGC1,Graceful Closure,Rock,2018/3/9,10,12.524583333333332,36
vv16FZAuaoMZAGFAuG,Howard Jones,Rock,2018/3/11,40,36.542185249744236,56
vv16FZAub7_ZA5ka6a,,Rock,2018/3/13,29.95,34.41643189303747,94
vv16dZAGa4tZAuv5u7,Oliver Dragojevic,World,2018/3/3,62,39.964912481962486,43
vv16dZAu-1vZA5vFu1,,Folk,2018/3/29,47,31.304218023255814,33
vv16kZAGUv_ZAu5Fk2,Tedeschi Trucks Band,Rock,2018/1/23,19.5,32.89250340348412,58
vv16vZAuKk8ZA5ae1v,,R&B,2018/2/17,29.5,29.43948593073593,56
vv170ZfSGkzeLyk5,Metal Allegiance,Metal,2018/1/25,25,24.952563725490194,30
vv170ZfUGkMyvVNd,Datsik,Dance/Electronic,2018/3/3,19,33.859765277777775,63
vv170ZfVGkMBRt8z,,Rock,2017/12/9,80,64.08685416666667,81
vv170ZfVGkY7H_N2,,Dance/Electronic,2018/2/7,29,31.37220939393939,77
vv170ZfVGknc5g5X,3 Doors Down,Rock,2018/1/26,65,102.5185922348485,76
vv170ZfsGkgXexXz,,Country,2018/1/27,27.75,41.41544032738098,70
vv170ZfwGkRxmPtP,Van Morrison,Rock,2018/2/27,98.5,51.04504057539683,77
vv170ZfwGkTLBM6r,,Rock,2018/2/3,26,29.923243616584568,66
vv177ZfMGkD0p6xt,Blackalicious,Hip-Hop/Rap,2018/1/11,18,22.674552083333328,55
vv177ZfMGkMvQWqz,,Rock,2018/3/24,23,28.385458336385827,62
vv177ZfMGkRCb0YU,,Dance/Electronic,2018/3/29,25,26.45237085137085,61
vv177ZfMGkwlqe1z,k.d. lang,Country,2018/3/22,43.5,30.291118925200703,58
vv177ZfUGkBIRgde,Jessica Lea Mayfield,Rock,2018/3/5,12,15.558916666666665,47
vv177ZfUGkMrCgsC,,Reggae,2018/3/3,20,21.09466666666667,62
vv177ZfUGkTzZz_M,,World,2018/1/28,15,32.41288669590643,65
vv177ZfVGkMABPnQ,The Strypes,Rock,2018/3/28,15,24.190765382534128,47
vv177ZfVGkML4MFB,,Rock,2018/3/4,32,27.709826388888892,70
vv177ZfVGkRbJyzr,Max Creek,Rock,2018/1/26,15,17.32029761904762,14
vv177ZfVGkgd4nvE,Rickie Lee Jones,Rock,2018/3/25,29,23.54525660839161,49
vv177ZfVGkwTU_ig,,Rock,2017/12/14,14,21.468130952380953,49
vv177ZfYGkRAZtQ1,,Rock,2017/12/19,46,33.27150106837607,63
vv177ZfgGkDN_PTN,The Devil Makes Three,Country,2018/1/20,25,26.568855266563148,61
vv177ZfgGkDQbgxX,,Rock,2018/3/16,15,28.783874273885836,61
vv177ZfsGkBVGft-,DISPATCH,Rock,2017/12/15,36.5,28.211000000000002,63
vv177ZfsGkSaGp2N,Jae Sinnett,Jazz,2017/12/9,20,34.35596833333334,2
vv177ZfsGkwBCA_8,,Jazz,2018/2/17,20,33.62705456852834,23
vv177ZfwGkRcKkd1,,Rock,2017/12/9,18,21.525214285714284,56
vv177ZfwGkT-X93R,,Rock,2017/12/29,18,21.622033768957973,29
vv177ZfwGkTCKPY7,,Country,2017/12/30,20,23.385833333333334,45
vv178ZfUGkB_QwvR,,Hip-Hop/Rap,2018/3/3,45,47.22473333333332,84
vv178ZfUGkMA3wuV,,Hip-Hop/Rap,2018/3/2,45,45.09475833333332,84
vv17FZfMGkUwP4JP,,Rock,2018/3/14,16,23.47574123924822,65
vv17FZfUGkU32xh5,,Jazz,2018/1/13,20,15.275875000000001,0
vv17FZfUGkXWCglg,,Undefined,2018/1/27,22,19.76161739094239,0
vv17FZfVGkSxlJl0,,Country,2018/2/22,55.75,44.74705008329087,82
vv17FZfYGkTVtncN,Dark Star Orchestra,Rock,2017/12/29,179,65.2508924073003,9
vv17FZfgGkRfU_Is,The Roots,Hip-Hop/Rap,2017/12/27,30,25.472472619047622,67
vv17FZfgGkSQpp62,Megan Betley,Rock,2017/12/29,15,18.737291666666664,0
vv17FZfgGkTp3gMr,Trapt,Rock,2017/12/15,15,17.484361111111113,67
vv17FZfgGknX9M5X,,Rock,2018/1/27,28,30.648601190476185,84
vv17FZfsGkMNs_m1,Michael Bolton,Rock,2017/12/15,59,40.61789414341141,70
vv17FZfwGkD4jFKo,,Rock,2018/1/22,35,32.655763095238086,77
vv17GZfMGkc6wATr,,Pop,2018/3/10,52,46.80750757575758,53
vv17OZfSGkRZog4Z,Melissa Etheridge,Rock,2017/12/12,32.5,31.89985940411927,56
vv17OZfSGkzQEkEB,Excision,Dance/Electronic,2018/2/16,39.5,27.647601824999906,65
vv17OZfUGkD5fgks,,Hip-Hop/Rap,2018/2/13,15,28.19837993985258,66
vv17OZfUGkIcXIAw,Coast Modern,Alternative,2018/3/27,15,22.42861929824561,65
vv17OZfUGknxnNK5,,Hip-Hop/Rap,2018/2/27,39.5,44.604664404761905,84
vv17OZfgGkIPTUNB,,Rock,2018/2/13,31.25,31.408327786327895,72
vv17OZfgGkRVnM3w,Godspeed You! Black Emperor,Rock,2018/3/20,25,27.33111031826844,53
vv17OZfgGklfyfGD,,Blues,2018/2/28,21.25,23.553308333333334,44
vv17OZfsGkB-v3XQ,,R&B,2018/1/18,85,64.80242819264069,56
vv17OZfwGkVDq6dT,,Rock,2018/2/17,20,24.353241735246947,67
vv17bZfMGkBOCgKk,,Rock,2018/3/25,32,40.85143619493252,65
vv17bZfUGkBQBKN-,Ani DiFranco,Folk,2018/2/20,35,27.611262070874865,54
vv17bZfUGkBq4Knh,,Hip-Hop/Rap,2018/1/20,40,33.82105541714045,76
vv17bZfUGkIVGh7j,Scotty McCreery,Country,2018/1/25,26.1,36.824538928571435,66
vv17bZfUGkU8gxpw,,Metal,2018/2/7,35.5,36.36591874999999,75
vv17bZfUGkVax69S,Yonder Mountain String Band,Rock,2018/2/9,31,21.765352777777775,51
vv17bZfUGknXr9_T,Three Dog Night,Rock,2018/3/15,33,32.1347904885577,61
vv17bZfVGkDrwknS,,Pop,2017/12/13,17,37.255160119047616,55
vv17bZfsGkBqsddk,DISPATCH,Rock,2017/12/11,40,56.95469361111112,63
vv17bZfwGkMRtM_L,,Religious,2017/12/10,25,41.462237765151485,70
vv17bZfwGkRrVIML,,Rock,2017/12/9,35,39.225914684438365,74
vv17fZfMGkM3qAgv,Ty Dolla $ign,Hip-Hop/Rap,2018/2/17,25.5,34.04486726190475,93
vv17fZfSGkRd8f2B,,Dance/Electronic,2017/12/11,25,26.655829861111116,60
vv17fZfUGkTKkVye,Alex Cameron,Pop,2018/3/8,12,27.287059523809532,57
vv17fZfUGkXiJSwy,Flint Eastwood,Rock,2018/2/6,10,12.192833333333333,45
vv17fZfVGkS797Jg,Cody Johnson Band,Country,2018/1/12,10,19.9321290521978,0
vv17fZfgGkMbQNhj,,Religious,2018/2/17,25,23.99660944264069,67
vv17fZfgGkiFWQFv,Machine Gun Kelly,Hip-Hop/Rap,2017/12/22,36.5,40.706440476190465,83
vv17fZfsGkDA349i,The University Of Akron Steel Drum Band,Undefined,2018/1/28,12,20.152716865079363,0
vv17fZfwGkSebN4C,,Rock,2018/2/18,20,20.677524489399488,67
vv17fZfwGkSu5NSj,,Country,2018/2/16,23.75,38.200940131118884,70
vv17fZfwGkUTM0dG,,Rock,2017/12/12,28,28.879450435624634,60
vv17jZfUGkBcopxc,,Country,2018/2/15,29.99,36.54101391374928,74
vv17jZfVGkM4ZAly,Tedeschi Trucks Band,Rock,2018/1/26,19.5,29.639601757808606,58
vv17jZfxGkihw4c_,2Cellos,Classical,2018/1/24,37.5,42.706620833333325,67
vv1A6ZAG7Gkd3sP8_,Bill Anderson,Country,2018/2/16,29,26.725185768398266,40
vv1A7ZAGVGkdCqeXz,,Country,2018/2/15,27.75,20.70923735569985,70
vv1A7ZAGyGkdzWV8Q,,Rock,2017/12/7,45,44.81544656746031,95
vv1A7ZAu8GkesOwO9,Eric Johnson,Rock,2018/3/15,30,34.54933304382811,56
vv1A7ZAuYGkeIDN5i,,Rock,2018/1/4,10,21.88152943054752,0
vv1A7ZAu_Gkentw7R,,Rock,2018/3/9,29.99,35.68063907245526,94
vv1A8vK7yGAGcdLy,Martina McBride,Country,2017/12/20,35.5,37.395975581983805,66
vv1A8vK8OGA5bzvY,Adagio Big Band,Jazz,2017/12/16,25,17.05592692609323,0
vv1A8vKboGA2jlan,The Infamous Stringdusters,Country,2018/1/24,17.5,19.56064285714286,52
vv1A8vKpaGA2MsL6,,Hip-Hop/Rap,2018/2/8,16,17.380576356589145,41
vv1AAZAGEGkdKJpeK,Granger Smith,Country,2017/12/15,12,22.064933916569533,71
vv1AAZAGEGkdmJ6F7,Trent Tomlinson,Country,2017/12/22,2.5,19.78434954004329,52
vv1AAZAGEGkeH77W4,Zoso,Undefined,2018/2/3,25,21.88826125818626,0
vv1AAZAGVGkexmSSp,,Rock,2018/2/3,22,32.69479166666666,81
vv1AAZAGeGkdFlFoh,Night Ranger,Rock,2017/12/15,20,29.02647341450216,55
vv1AAZAGgGkeTlVn5,Bret Michaels,Rock,2017/12/29,39.5,33.853795438311685,40
vv1AAZAu-GkdqckLq,,Rock,2018/1/20,25,32.787399873949575,73
vv1AAZAu-GkdvhfOp,Home Free,Classical,2018/3/25,30,20.757999999999996,62
vv1AAZAu3Gkd_lUt2,,Country,2018/3/15,55,44.96314201298702,80
vv1AAZAu7Gkd-96mL,,Dance/Electronic,2018/2/18,25,22.491675824175818,65
vv1AAZAu9GkdQfgaq,,Hip-Hop/Rap,2017/12/7,27.5,24.969911309523805,75
vv1AAZAu9Gkdk07or,,Rock,2018/1/31,15,19.628803354978356,52
vv1AAZAuAGkegR0tf,,Dance/Electronic,2018/2/15,35,28.690759886128372,65
vv1AAZAuEGkdf1giV,courtship.,Rock,2018/1/5,8,15.866204141472961,53
vv1AAZAuFGkdUDV8D,Marty Stuart,Country,2017/12/15,25,26.66234686419606,50
vv1AAZAuIGke-MNyU,,Undefined,2017/12/31,35,35.87282166666667,0
vv1AAZAuKGkdGEU4p,,Undefined,2018/3/2,15,16.04045562770563,0
vv1AAZAuUGkdmokph,Nick Costa,Undefined,2018/1/12,25,29.049627435064934,0
vv1AAZAuaGkdFnV6e,St. Vincent,Rock,2018/1/10,33.5,26.333795966533476,71
vv1AAZAudGkdxZa8P,,Reggae,2018/1/20,18,19.771727272727272,59
vv1AAZAufGkdHObtr,Brockhampton,Hip-Hop/Rap,2018/2/10,28.5,32.162595328439444,75
vv1AAZAusGkdLJMvd,Fetty Wap,Hip-Hop/Rap,2018/1/26,35,39.181846428571426,85
vv1AAZAuwGkd8_0CU,Big K.R.I.T.,Hip-Hop/Rap,2018/3/18,23.5,24.17766726190475,73
vv1AFZACAGkeODeo_,Steve Winwood,Rock,2018/2/26,30,29.918201432564793,65
vv1AFZACeGkdFxV88,,R&B,2018/2/9,65,51.67223874360979,62
vv1AFZACvGkdR-UI4,,Rock,2018/2/20,25,27.597359009204716,62
vv1AFZAGwGkdWpkI5,George Winston,New Age,2017/12/16,25,47.51318229166666,61
vv1AFZAu-Gkd024gm,,Rock,2018/2/10,18,23.40535279723787,54
vv1AFZAuAGkdNfAjF,,Rock,2018/1/31,25,27.28817204514516,60
vv1AFZAuAGkduxf0L,,Rock,2018/2/2,25,32.57350400791666,60
vv1AFZAuAGkeEtKf_,NF,Hip-Hop/Rap,2018/2/5,27.5,44.22419810606059,90
vv1AFZAuEGkenLwYq,Watain,Metal,2018/2/28,25,25.280403196415982,45
vv1AFZAuNGkdKefYg,,Undefined,2018/2/2,25,27.72158480329611,70
vv1AFZAukGkdjC4Jm,,Hip-Hop/Rap,2017/12/21,55,32.76075885101009,61
vv1AFZAuoGkdw8g06,,Country,2018/2/22,52,43.48054252886002,80
vv1AOvK4yGAGlKay,,Rock,2017/12/7,25,22.790367063492063,77
vv1AOvK7FGACPeVJ,Trans-Siberian Orchestra,World,2017/12/15,44.5,43.82029717041537,69
vv1AOvKobGA5KwKg,Cabinet,Folk,2017/12/31,20,18.525154761904762,36
vv1AaZAGVGkdihkU2,Ambrosia,Rock,2017/12/9,24,45.95052753968252,53
vv1AaZAu9GkdDNEdc,,Rock,2018/3/2,29.99,34.93717959094004,94
vv1AaZAu9GkdhzJ73,Superchunk,Rock,2018/2/23,25,21.056239451827242,46
vv1AaZAu9GkdxUJ37,,Metal,2018/2/9,35,30.91574161255411,75
vv1AaZAuaGkdaLbIc,,Dance/Electronic,2017/12/9,49.5,34.83770649350649,69
vv1AaZAufGkdrkUDX,Smash Mouth,Rock,2017/12/23,28,39.47358865629984,73
vv1AeZACvGkdN21E7,Kung Fu,Rock,2018/1/20,15,19.966062896825395,39
vv1AeZAG6GkdE0PQH,Dark Star Orchestra,Rock,2017/12/29,95,65.2508924073003,9
vv1AeZAGIGkd0Qa_n,Abba Mania,Undefined,2018/1/26,19,23.384227886008926,0
vv1AeZAGPGkdNR6qU,Get the Led Out,Undefined,2017/12/31,45,28.43648809523809,0
vv1AeZAGPGkesVf0h,,Undefined,2017/12/29,22,20.636728354978356,0
vv1AeZAasGkdZRBX_,,Rock,2017/12/9,25,26.695082903277275,62
vv1AeZAu7Gkex0NDH,,Rock,2018/2/14,32.5,30.72524447680587,63
vv1AeZAu8GkdYDkNl,John Gorka,Country,2018/3/30,24,22.151583333333335,34
vv1AeZAu8Gkdc3kry,The White Panda,Dance/Electronic,2017/12/26,20,23.968263888888888,55
vv1AeZAu9Gkdimknt,,Rock,2018/3/9,39.5,43.6667514444813,72
vv1AeZAuAGkdR69Hx,,Rock,2017/12/8,15,24.006546390816784,39
vv1AeZAuJGkeMo0hj,DigiTour,Rock,2018/1/6,25,22.66372321706072,0
vv1AeZAuNGkeNx9BG,Missio,Rock,2018/3/4,15,19.317041944444444,61
vv1AeZAu_GkeIodg9,,Rock,2018/3/21,39.95,41.64797925738471,94
vv1AeZAudGkeR27i0,,Hip-Hop/Rap,2018/1/14,52,42.80777417027417,61
vv1AeZAugGkdp3p-x,,Dance/Electronic,2018/3/24,20,23.29930952380952,47
vv1AeZAusGkd6RyGH,,Rock,2018/1/17,36,23.545185421245414,26
vv1AeZAusGkdqR16F,,R&B,2018/2/9,29,42.93277154761905,71
vv1AeZAutGkdRiF9v,Youngr,Pop,2018/2/11,15,25.118875,57
vv1AkZAGJGkec87kk,,Rock,2017/12/8,27.5,26.465315575396826,67
vv1AkZAGSGkd2MVj0,,Rock,2018/1/25,39.5,34.58977393341308,56
vv1AkZAGSGkdeHSsZ,Celebrating David Bowie,Undefined,2018/2/21,39.5,45.287501762418536,0
vv1AkZAGVGkeHzUC5,,Rock,2018/2/8,22,45.96883928571428,81
vv1AkZAGVGkeYUKMY,,Rock,2018/1/27,23,43.25378833333333,81
vv1AkZAGgGkdQNEhM,Nothing More,Rock,2018/2/11,20,19.908378291847047,67
vv1AkZAGyGkeTw9wq,21 Savage,Hip-Hop/Rap,2017/12/9,39.5,45.296943398268404,98
vv1AkZAu-GkdqyJxr,Lee Brice,Country,2018/2/9,33,54.477147082941194,73
vv1AkZAu7GkenCdjD,NF,Hip-Hop/Rap,2018/3/1,27.5,35.86599713203463,90
vv1AkZAuIGkdEXJwZ,,Metal,2018/2/17,32.5,28.68080833333333,70
vv1AkZAuIGke-KKxP,Hairball,Rock,2018/1/19,19,40.19736134871567,2
vv1AkZAuYGkd-HFa1,Keys N Krates,Rock,2018/2/3,26,25.134674171842647,62
vv1AkZAuYGkey0PU0,,Rock,2018/3/28,36.5,35.79772539682539,53
vv1AkZAudGkezH715,,Reggae,2018/1/24,21,23.109446428571427,65
vv1AkZAufGkemW6Wy,Chicago,Rock,2018/3/9,42,38.900758526092716,72
vv1AkZAusGkd5izjB,Hairball,Rock,2018/3/2,18,20.34870230880231,2
vv1AvZACdGkdKbSIc,,Rock,2018/3/16,35,30.92756056446477,70
vv1AvZACvGkeDgUiw,Timeflies,Rock,2018/3/31,30,32.28176868201389,74
vv1AvZAG3Gke0hfFh,Pentatonix,Rock,2017/12/13,39.5,37.42966554279054,86
vv1AvZAG4GkdVWD__,,Rock,2017/12/8,20,24.248626068376065,59
vv1AvZAGFGkdfoAsd,Satisfaction - International Rolling Stones Tribute Show,Undefined,2018/1/20,12,17.728288025863026,0
vv1AvZAGIGkdNgMkl,Tusk,Undefined,2017/12/29,15,19.041577380952383,46
vv1AvZAGJGkewFVlN,,Rock,2017/12/21,28.5,29.09135094627595,67
vv1AvZAGUGkd4-zBK,,Folk,2018/3/10,25,27.7925644499179,67
vv1AvZAu3Gkd5uIS7,Rhye,Rock,2018/2/28,25,25.820026695646117,67
vv1AvZAuAGkdhZ4aW,,Dance/Electronic,2018/3/2,18,24.99787415413534,66
vv1AvZAuKGkdgapiO,Peter Perrett,Rock,2018/3/3,25,21.207416666666667,36
vv1AvZAuYGkdKlIge,,Pop,2018/2/22,18,22.513248015873014,78
vv1AvZAu_Gkd5CAiM,,Rock,2018/2/20,31.25,30.29279524325347,72
vv1AvZAubGkdqxU0m,,Rock,2018/1/28,20,27.707723958333332,70
vv1AvZAueGkd1TPSJ,,Rock,2017/12/10,21,34.62543809523809,86
vv1AvZAuoGkdMoJs9,,Dance/Electronic,2018/2/3,16,30.206554651027073,48
vv1AvZAusGkdSMlo9,Romeo Santos,World,2018/3/7,41.5,44.62143997668997,86
vv1AvZAusGkdrbQG7,Nightmares On Wax,Dance/Electronic,2018/3/12,20,27.65340315813415,63
vv1AvZAutGkeITK11,Maluma,World,2018/3/24,60.5,49.174110810023315,92
vv1FbZfsx8qNZd8ev,,Religious,2017/12/8,15,32.9418017628205,70
vv1aFZAGVueawZe8u,,Metal,2018/1/18,34.5,30.213179581496846,68
vv1aaZAuAvpk9Ze2a,NF,Hip-Hop/Rap,2018/3/7,25,36.2012719155844,90
vv1aaZAubPPOJZeGd,Engelbert Humperdinck,Pop,2018/2/16,65,74.34501528720854,61
vv1k8ZfVCkG7msF7,Isley Brothers,R&B,2018/1/20,59,58.49982708333333,68
vv1kFZfz1KG7yNUb,,Hip-Hop/Rap,2018/2/28,30,36.439783333333324,87
vv1kOZfgfEG7T6Cu,,Dance/Electronic,2017/12/29,39.5,34.24645752164503,65
vv1kOZfs78G7lUN3,Todd Rundgren,Rock,2017/12/12,30,36.30134652255638,57
vv1kbZfS_MG7ms4e,,Country,2017/12/29,45,39.49337686147185,65
vv1ke8vK1dGAGxlOM,Van Morrison,Rock,2018/2/26,104.75,55.8791390873016,77
vv1ke8vKo_GAGqepZ,,Rock,2017/12/15,20,28.83644593633705,57
vv1keZvKG-GA2_9GX,,Performance Art,2018/1/14,21,22.4665,39
vv1keZvKayGAC2xwJ,,Country,2018/3/22,30,32.45003802367845,70
vv1keZvKfeGACfzhH,Pat Benatar & Neil Giraldo,Rock,2018/3/31,49,40.84061392966947,14
vv1keZvKfvGA2_F3S,3 Doors Down,Rock,2018/2/11,42,41.847558501221,76
vv1kfZfgrkG7w-sl,,Dance/Electronic,2017/12/13,39.97,34.928126190476206,85
vv1kv8vKZyGA1DfTJ,,Blues,2018/1/10,33,25.069791666666664,53
vv1kvOvK8IGA5sx3v,P!NK,Rock,2018/3/14,54.95,49.34535000000001,89
vv1kvOvKQFGA5pxoC,Dan + Shay,Country,2018/2/23,55,32.75292043110581,72
vv1kvOvK_yGA153dr,Sylvan Esso,Dance/Electronic,2018/3/27,22,31.381303571428568,68
vvG10Zfm9QwW1d,,Hip-Hop/Rap,2017/12/21,39.5,41.51227756410257,85
vvG10ZfmSGMaVT,Intocable,World,2017/12/8,40,43.40182132352941,72
vvG17Zfi50nFlw,Whiskey Rebellion,Country,2018/1/26,25,28.59801123188406,11
vvG17Zfi6qFfZm,Cecile McLorin Salvant,Rock,2018/2/24,35,37.60247007936507,50
vvG17ZflT3kN0d,Moondance: the Ultimate Van Morrison Tribute Concert,Undefined,2018/1/20,30,28.245196428571436,0
vvG17ZflemzBSV,Banda Magda,Rock,2017/12/7,25,22.91778376895797,31
vvG17ZfmmUNgkq,The Chieftains,Pop,2018/3/18,27,30.2509038859691,53
vvG18ZfiN33SUI,Nightwish,Metal,2018/3/31,55,43.22284126984127,69
vvG18ZfmQpp3dW,Steven Curtis Chapman,Rock,2017/12/8,19.99,28.252996556955033,59
vvG1FZfRJPTPkN,,Rock,2017/12/10,16,20.414734623015875,56
vvG1FZfc2gaFVb,,Country,2018/1/20,20,26.526855809294872,72
vvG1FZfcdIXtn_,LCD Soundsystem,Rock,2017/12/7,56.25,30.533319601286866,71
vvG1FZflrt6xYG,Montana Wildaxe,Rock,2017/12/23,20,18.652458333333335,0
vvG1FZfmnKaK3d,,Rock,2017/12/8,18,23.305979670037562,53
vvG1GZfRPhNZnD,Prairie Home Companion,Folk,2017/12/9,58,38.910677899877896,0
vvG1GZfRZbcxeO,The Klezmatics,Jazz,2018/1/20,47,26.898580828120206,33
vvG1GZfnKuYxLz,Turetsky Choir,Classical,2018/1/27,55,41.07794166666667,4
vvG1HZfSUe-39E,,Country,2018/2/3,42.75,43.714510488400485,72
vvG1IZfUhcFx7H,,Rock,2018/3/7,20,30.117269751082247,74
vvG1IZfUkNUo8M,,Rock,2018/3/22,10,20.446234689922484,45
vvG1IZfV9RM778,,World,2018/2/15,50,46.2283654040404,64
vvG1IZfg3XdxTV,Natalia Jimenez,World,2017/12/13,37.5,41.32908977591032,64
vvG1IZfgRqbS2V,Andy Grammer,Rock,2018/3/17,30.5,34.46139471319743,76
vvG1IZfsMA7Vor,,Country,2017/12/9,15,30.258220039682534,61
vvG1IZfwrTWeNV,,Rock,2018/3/31,32.5,29.500101156267107,64
vvG1OZfRC__3V0,Amy Grant & Michael W. Smith,Rock,2017/12/10,29.5,29.663999634636465,0
vvG1OZfRloBgxQ,,Jazz,2017/12/6,37,33.916457282629636,57
vvG1OZfc9fpNvA,,Country,2018/1/27,30,33.84656103933381,72
vvG1OZflN3adib,Celtic Thunder,World,2017/12/6,20,27.74092408424908,57
vvG1VZfMDoTHKn,Phillip Phillips,Rock,2018/3/3,25.5,26.534762884495713,67
vvG1VZfME8s_zL,Sponge,Rock,2018/2/16,17,29.18956821428571,49
vvG1VZfME8yyzN,L.A. Guns,Rock,2018/2/9,20,29.18956821428571,49
vvG1VZfMQ-LtOK,Bob James,Jazz,2018/2/23,150,179.818405,48
vvG1VZfMQDT1dl,Hippie Sabotage,Dance/Electronic,2017/12/28,25,31.31267613636364,72
vvG1VZfMpne1vS,Betty Who,Rock,2018/3/30,20,24.645525793650794,71
vvG1VZfRRQp5sS,,Rock,2017/12/21,27,28.96564630952382,49
vvG1VZfU0hRr6q,L.A. Guns,Rock,2018/2/17,20,23.93629977522478,49
vvG1VZfUB_t_Vv,,Rock,2018/2/10,25,38.449320198412714,74
vvG1VZfUN2E5om,,Hip-Hop/Rap,2018/1/14,37.5,41.41016440476191,83
vvG1VZfUTFt1fe,Dorothy,Rock,2018/1/23,16.5,33.87143142295784,63
vvG1VZfUxHEQVx,Ebi,World,2018/2/3,49,45.65788445771031,46
vvG1VZfVEnDDNu,,Rock,2018/1/26,31.5,31.56982703243771,62
vvG1VZfVErF520,,Dance/Electronic,2018/1/28,33.5,43.634543857142845,77
vvG1VZfVH4d5Xt,Nahko,Rock,2018/3/17,25,27.2092622628951,57
vvG1VZfVmh2BGm,Robin Trower,Rock,2018/3/7,37.5,30.92681346469622,51
vvG1VZfVpHfQOB,,Rock,2017/12/16,36,34.58075449134199,85
vvG1VZfYTBQcVL,Trans-Siberian Orchestra,World,2017/12/17,32.25,39.27840947802197,69
vvG1VZfYkgC5NE,Doo Wop Extravaganza,Rock,2018/2/24,51.89,40.94139421245428,0
vvG1VZfc6uCaFQ,Andrea McArdle,Undefined,2018/2/28,45,43.84040657509158,43
vvG1VZfg9PbBLK,The Irish Rovers,Rock,2018/3/15,23,27.55359777876812,54
vvG1VZfgel6i21,,Rock,2018/3/31,26.2,33.801288681318646,94
vvG1VZfggaulwX,They Might Be Giants,Rock,2018/1/26,27.5,26.481982251082243,59
vvG1VZflQjstFT,Darlene Love,Rock,2018/1/20,37.5,35.16104383116885,67
vvG1VZfnx0VbeI,Take Me To the River Live,Rock,2018/2/3,42.5,33.33440030372406,0
vvG1VZfsDEjHbi,Squirrel Nut Zippers,Rock,2017/12/9,22,30.38722433302808,46
vvG1VZfsdrFDie,The Fab Faux,Undefined,2018/3/2,64,40.502237896825385,1
vvG1VZfzKBlj52,Fleet Foxes,Rock,2018/3/1,36.5,32.15145456554461,73
vvG1YZfEkzwJn3,Paul Anka,Pop,2018/2/12,59,42.560408333333335,65
vvG1YZfMwLCeuZ,,Rock,2018/1/27,65,40.585587642182375,84
vvG1YZfS7klA82,,Country,2017/12/29,45,37.39374685103962,54
vvG1YZfU1ZA-Yq,Home Free,Classical,2018/3/10,17,26.51494644657621,62
vvG1YZfUBCVxoo,,Rock,2018/3/2,15,30.919848398400376,50
vvG1YZfUL0rPVK,,R&B,2018/1/18,39.5,38.05222389531516,62
vvG1YZfUU7UvwT,Justin Furstenfeld,Rock,2018/2/15,35,31.709885094667232,41
vvG1YZfUX2Oe2_,Chris Stapleton,Country,2018/3/17,101,53.849326204212446,80
vvG1YZfUuvl9_j,DVSN,R&B,2018/2/5,22,34.952387965838504,78
vvG1YZfgbv6fBy,,Country,2018/2/17,43,46.79823841561216,80
vvG1YZfiThT7aA,Chris Young,Country,2017/12/9,35,38.05411662698412,77
vvG1YZfmQpisIR,,Rock,2017/12/12,25,36.62928483828671,55
vvG1YZfnJ5DvI7,,Rock,2018/1/14,50.5,49.70226950715951,89
vvG1YZfzGNrYrD,,Hip-Hop/Rap,2018/3/9,30,41.91228501082248,87
vvG1bZfcnP-g_S,,Religious,2017/12/10,25,26.97008125,65
vvG1bZfcpa4-Ok,,Country,2018/1/25,20,33.55573374968506,72
vvG1bZfiM5NfUf,,Rock,2018/3/24,36.5,45.273279668640164,87
vvG1fZfR00waYV,Trans-Siberian Orchestra,World,2017/12/20,43.5,39.16485018719026,69
vvG1fZfR2cF_9-,Columbus Jazz Orchestra,Jazz,2018/2/18,18,18.040408333333332,1
vvG1fZfR2ck_92,Columbus Jazz Orchestra,Jazz,2018/2/15,18,16.605693473193472,1
vvG1fZfR9IFauC,,Rock,2017/12/15,35.5,32.845157470256666,59
vvG1fZfRTGnJOf,Ball State University Jazz Ensembles,Jazz,2017/12/16,10,17.462116666666667,0
vvG1fZfRtBE3ek,,World,2017/12/7,23,25.238499999999995,43
vvG1fZfihlxf6p,The Chieftains,Pop,2018/3/4,36,33.08147650501672,53
vvG1fZfnYOEE1e,Straight No Chaser,Rock,2017/12/16,29.5,30.84331520389333,65
vvG1iZf0RROKex,Michael Feinstein,Pop,2017/12/8,43,42.485708333333335,31
vvG1iZfEh9Gdwv,Don McLean,Rock,2018/3/3,38,42.25733590975044,66
vvG1iZfR6xaxtv,Todd Rundgren,Rock,2017/12/31,38,46.077641708046855,57
vvG1iZfRSylE08,,Undefined,2017/12/13,49,22.30358553418803,0
vvG1iZfVwmgNhi,Styx,Rock,2018/1/28,69,60.13302807698837,65
vvG1iZfgKSFVdq,Natalia Jimenez,World,2017/12/7,45,34.72288799019606,64
vvG1iZfsM1cp_z,The Dramatics featuring Willie Ford,R&B,2017/12/30,48,48.92104166666666,0
vvG1zZKmJ8oKbb,Janet Jackson,Rock,2017/12/17,15,25.871274163879598,71
vvG1zZfM6RqMsk,On the Border,Undefined,2018/1/26,10,26.886886043123546,0
vvG1zZfM9kmzmg,,Rock,2018/3/27,33.6,24.94142396343154,65
vvG1zZfMBJ44p0,,Metal,2018/2/16,13,17.480696428571424,55
vvG1zZfMD5X9E5,Travis Tritt,Country,2018/1/6,65,39.420052460211345,66
vvG1zZfMDusMsK,The Marshall Tucker Band,Rock,2018/2/17,25,23.80191190398136,60
vvG1zZfMFYpkf_,Patti LaBelle,R&B,2018/3/23,55,46.71862738095238,58
vvG1zZfMQFFxdo,,Rock,2018/3/19,44,39.78424672187715,76
vvG1zZfMSBvEPL,,Rock,2018/3/10,16,23.717097419866654,65
vvG1zZfMUUn7Yu,,Religious,2018/3/30,40,28.253900345117835,58
vvG1zZfMVPryhQ,,Rock,2018/3/20,25,24.8401973335815,62
vvG1zZfMeECVRT,Iced Earth,Metal,2018/3/17,25,22.285458333333334,57
vvG1zZfMeQeVGO,Jack Harlow,Hip-Hop/Rap,2018/1/13,15,22.87062502705628,52
vvG1zZfMeQi0Co,,Undefined,2018/3/22,60,35.01139809941522,0
vvG1zZfMfb0nWg,Fetty Wap,Hip-Hop/Rap,2018/2/18,35,47.1000531862745,85
vvG1zZfMk493Ur,Dariush,World,2018/2/17,55,33.898973130341886,42
vvG1zZfMkck7V0,,Hip-Hop/Rap,2018/3/25,29.5,31.205450457112605,73
vvG1zZfMpHjb96,Trey Anastasio,Rock,2018/2/16,64.86,29.205569213732,45
vvG1zZfRyCWHWJ,Hippie Sabotage,Dance/Electronic,2017/12/30,18,26.518843452380953,72
vvG1zZfS6YX7xL,,Rock,2018/1/20,27,27.412167619064938,58
vvG1zZfU08hz4R,,Rock,2018/1/19,28.5,20.731376587301583,51
vvG1zZfU1q7dxA,,Metal,2018/3/23,22.5,19.856250000000003,45
vvG1zZfUE7gVUf,,Rock,2018/3/14,21.5,22.48608870879778,64
vvG1zZfUGkHjRK,Looming,Alternative,2018/1/20,10,14.588833333333332,31
vvG1zZfUJfWwBP,Ricardo Montaner,World,2018/3/3,62,39.95567726118325,73
vvG1zZfUMkNAHm,Ryan Buck,Metal,2017/12/22,8,14.550436868686866,2
vvG1zZfUR__fw0,Jackyl,Rock,2018/1/20,22.5,26.331201144688645,47
vvG1zZfUh0FIPW,Sylvan Esso,Dance/Electronic,2018/3/17,30,26.733376587301592,68
vvG1zZfUrUuSRR,AJR,Pop,2018/2/9,21,20.441521428571427,76
vvG1zZfUsa5z5n,Trial By Fire,Rock,2018/1/12,10,24.209248973997493,3
vvG1zZfV73tDfJ,,Rock,2018/2/2,27.5,25.131879808888556,50
vvG1zZfV8SFjF9,,Rock,2018/2/10,32.5,32.67582933174293,63
vvG1zZfV8SOjak,,Rock,2018/2/11,32.5,34.05490924981795,63
vvG1zZfVJbufvz,,Dance/Electronic,2018/1/26,36.5,31.749483333333334,77
vvG1zZfVRyVQ-t,The Avett Brothers,Country,2018/3/16,47.5,38.494463160240976,69
vvG1zZfVjQBHeW,,Undefined,2018/2/23,15,17.61191735209235,0
vvG1zZfY7kPWC6,,Blues,2018/1/22,35,25.360500000000002,53
vvG1zZfYBM3PJJ,,Country,2018/2/10,26.75,48.388000905067145,70
vvG1zZfcKvuKsa,,Country,2018/2/10,30,30.746880638090076,72
vvG1zZfg3E97z1,,Country,2018/3/10,52,45.06163175796425,80
vvG1zZfg6lpzOy,Above & Beyond,Dance/Electronic,2018/3/18,30,28.358958333333334,70
vvG1zZfgCNjKTr,,Metal,2018/1/17,19,22.116111111111113,58
vvG1zZfgDOuJ4M,The Devil Makes Three,Country,2018/2/3,25,23.974113385279335,61
vvG1zZfgDs1kYG,flor,Rock,2018/2/23,13,20.840372157621854,64
vvG1zZfgJQgKqX,,Metal,2018/3/11,29,28.680645833333333,75
vvG1zZfgTglVIi,St. Vincent,Rock,2018/3/1,36,29.939334987762972,71
vvG1zZfglCpEQA,Rapsody,Hip-Hop/Rap,2017/12/13,15,25.36062401458191,64
vvG1zZfiLg0ptC,Gregory Porter,Jazz,2018/3/4,35,35.67917410714285,69
vvG1zZfiwEX0TP,Nightwish,Metal,2018/3/10,45,37.94932142857142,69
vvG1zZflTovSky,Kansas,Rock,2017/12/13,59.65,35.21860795749388,70
vvG1zZfs1bdPva,Air Supply,Pop,2018/2/2,37.15,42.89784940476184,71
vvG1zZfs5zfrP_,The Revivalists,Rock,2017/12/15,27.5,26.519853677476384,68
vvG1zZfsMaMM75,,R&B,2017/12/15,51,51.99673611111113,50
vvG1zZfsTgSW5A,JJ Grey & Mofro,Rock,2017/12/31,42.5,34.14542960662526,54
vvG1zZfsrs860X,Omid,World,2017/12/9,57,36.11236791056167,31
vvG1zZfw9209xE,,Rock,2018/2/28,39.5,33.10427011599511,74
vvG1zZfwR6FV5R,Celtic Woman,World,2018/3/14,39,44.21009408508158,63
vvG1zZfwTbMbjN,,Hip-Hop/Rap,2017/12/7,49.5,41.3647153350122,61
vvG1zZfwrBp0qx,Smith & Myers,Folk,2017/12/12,29.5,27.243857142857138,39
vvG1zZfwxDC7cx,Smith & Myers,Folk,2017/12/9,32.5,35.237605555555554,39
vvG1zZfwxP4dNw,,Rock,2018/2/15,18,24.113579467835795,62
vvG1zZfz6AAUjA,,Hip-Hop/Rap,2018/3/6,27.5,38.956869642857136,87
11A8vKGOJ8pbv8,Janis Ian,Rock,2018/4/28,45,45.06608841991342,46
16xZAGJP9ZAuakC5,House of Blues Gospel Brunch,Religious,2018/6/17,43,47.11780178571427,0
16xZAGJPbZAGak2k,House of Blues Gospel Brunch,Religious,2018/7/15,43,47.22405178571425,0
17AOv3G6GXXEAKN,Glen Burtnik’s Summer of Love,Rock,2018/4/28,34.75,33.03519101731601,0
17FOv3G6CR8wbNm,Jarrod Lawson,R&B,2018/4/21,29,39.2965125,37
1A4ZAC7GkdkQN-e,Ronnie Milsap,Country,2018/4/5,59.5,56.32161250000001,55
1A9ZAu-Gkdl6K-R,Aaron Lewis,Country,2018/4/13,50.46,46.87655485507243,63
1A9ZAuAGkdM40yL,Purple Reign - Prince Tribute,Undefined,2018/4/21,36.61,51.57230738473322,0
1A9ZAuAGkdM60Mq,Purple Reign - Prince Tribute,Undefined,2018/4/4,36.61,52.028165131743016,0
1A9ZAuAGkdMffyq,Purple Reign - Prince Tribute,Undefined,2018/4/20,36.61,52.14655165820988,0
1A9ZAuAGkdMuVMz,Purple Reign - Prince Tribute,Undefined,2018/4/12,36.61,51.930264094755614,0
1AOZAugGkemdb1E,Jon Pardi,Country,2018/4/19,24.5,37.693971376262624,76
1AOZAuoGkdGNzeY,Judas Priest,Metal,2018/4/26,39.5,49.37849166666667,70
1A_ZAu9GkdE53ph,,Rock,2018/6/7,44.75,42.914652599846406,95
1A_ZAuJGkdUYScR,,Country,2018/7/20,64.75,56.637424856649176,79
1Ad0ZfVGkS2CkpC,,Pop,2018/4/20,68.99,70.88371315892363,0
1Ad0ZfVGkSoZpql,,Pop,2018/4/9,68.99,75.94640958667918,0
1AeFZfgGkRrFnh9,,Country,2018/4/20,40.25,45.194769920634926,83
1ApZAuNGkdPc9G7,Buddy Guy,Blues,2018/4/11,33,26.494100274725273,59
1ApZAuVGkdyKUhu,,Rock,2018/4/7,34,31.5707091691996,65
1AvbZfVGkRIK0zj,,Country,2018/4/21,31.75,32.23870603261394,75
1AvbZfVGkSBPMgC,,Country,2018/4/19,29.75,36.933437529761875,75
1AvbZfVGkc2y66a,,Country,2018/4/26,26.75,35.63846135560674,75
1AvbZfYGkDGedLv,Shania Twain,Country,2018/7/17,37.75,33.71151767676765,76
1AvbZfYGkSrV06H,Shania Twain,Country,2018/7/20,36.95,32.685006749916724,76
1AvbZfgGkXDIerw,,Folk,2018/4/17,24,24.21460325091575,62
1AvfZfMGkwzP-MR,Taylor Swift,Rock,2018/7/10,44.5,42.33946845238094,95
1AvfZfVGkSshAeg,Madeleine Peyroux,Jazz,2018/5/3,50.5,47.75007985241864,66
1AvjZfSGkRA8xHb,Santana,Rock,2018/5/20,89.5,90.55128300987425,74
1AvjZfSGkRApxHN,Santana,Rock,2018/5/27,89.5,90.55128300987425,74
1AxZAufGkdAD__x,Tommy Emmanuel,Jazz,2018/4/7,43,38.03674732215155,53
1AxZAusGkdMxD3v,,Blues,2018/4/6,39.5,35.191516666666665,59
1AyZAG4GkdUPd0G,Jennifer Lopez,World,2018/4/21,109,104.66968199976212,82
1AyZAG4GkdUYK0N,Jennifer Lopez,World,2018/6/1,89,97.70783178931114,82
1AyZAG4GkdUiN0b,Jennifer Lopez,World,2018/5/26,109,105.07368700060923,82
1AyZAG4GkdUjKNH,Jennifer Lopez,World,2018/4/6,109,97.38272950818438,82
1AyZAG4GkdUrS0Z,Jennifer Lopez,World,2018/4/11,89,95.95237940891576,82
1AyZAGVGkd9TVDi,Wayne Newton,Pop,2018/4/10,71,75.79706715749488,48
1AyZAGVGkdbv7DR,Wayne Newton,Pop,2018/4/11,71,74.52513061903335,48
1AyZAu_GkdkMMGb,Pitbull,Pop,2018/5/12,59,56.08688576988064,87
1AyZAu_GkdkR9GG,Pitbull,Pop,2018/4/28,59,56.764009618776,87
1AyZAu_GkdkU9Gp,Pitbull,Pop,2018/5/11,49,53.20111285472777,87
1axZAGJPEQkZeCF,House of Blues Gospel Brunch,Religious,2018/5/6,43,46.580718452380935,0
G5dIZfM3jSw87,,World,2018/5/4,39.95,45.15014068437218,82
G5dIZfU3rOx_j,,Rock,2018/4/24,29.5,32.43392658730159,78
G5dIZfUnFcdmL,Maluma,World,2018/4/22,60.5,50.39028474025974,92
G5dIZfwyypspE,Celtic Woman,World,2018/5/5,49,52.82406407496011,63
G5dIZfzktqfk1,,Rock,2018/5/12,38.5,37.406632692307674,80
G5diZfV2jrwg8,,Rock,2018/4/4,127.45,56.70240089285724,89
G5diZfV3xwoDD,Sam Smith,Rock,2018/6/29,54.75,44.762127467532494,97
G5diZfzFDE7o1,Jackson Browne,Rock,2018/5/18,59.5,47.39135750180377,69
G5vVZfUOKf3mh,Frankie Valli,Rock,2018/4/14,35,45.68155128205127,62
G5vVZfUncN3HN,,Rock,2018/6/27,29.5,39.64394134199134,66
G5vVZfY2AdK01,The Everly Brothers Experience,Undefined,2018/5/6,20,31.30871255467571,0
G5vVZfgTSdwZC,,Rock,2018/7/18,25,29.91482249322493,78
G5vYZfV1srg-9,P!NK,Rock,2018/5/22,44.45,45.90042376373626,89
G5vYZfcL5OIGu,Boz Scaggs,Rock,2018/4/5,65,56.17375903108329,62
G5vYZfg-aHnIu,U2,Rock,2018/5/7,41,43.98462277841782,85
G5vYZfgEcx6sJ,,Rock,2018/6/1,49.5,43.047003016513074,95
G5vYZfiQA5-Ok,,Rock,2018/5/29,55,52.730368637865396,65
G5viZfM3hQwBa,,Country,2018/4/20,22,23.435208861971354,77
G5viZfMKkUp27,,Rock,2018/4/10,49.75,45.454965964379824,69
G5viZfMQOj09V,Big K.R.I.T.,Hip-Hop/Rap,2018/4/11,25,30.096978654385097,73
G5viZfMp_0VJt,Eagles,Rock,2018/6/20,46.5,45.92061994949495,79
G5viZfS2__0vb,Celtic Woman,World,2018/5/2,41,45.5546683982684,63
G5viZfUkHSpt2,Home Free,Classical,2018/4/6,39.5,37.30666217948718,62
G5viZfUkuYeFG,U2,Rock,2018/5/26,41,42.57714273263029,85
G5viZfYDoEVP_,Shania Twain,Country,2018/6/12,43.05,44.48679082112334,76
G5viZfg282EPh,Foo Fighters,Rock,2018/4/22,39,44.60274583333332,84
G5viZfgE-W99X,The Piano Guys,Classical,2018/4/25,45.5,42.10387857142857,73
G5viZfiL087LP,,Rock,2018/5/11,49,45.11859020456703,51
G5viZfzKk1_P4,Fleet Foxes,Rock,2018/5/21,45,42.86047499800638,73
G5vzZfM65w3Zn,Kansas,Rock,2018/7/20,45,36.55711657848323,70
k7v16AugZ6-SZeuA,Keiko Matsui,New Age,2018/5/6,29.5,42.57887142857142,51
k7v17fUG_G7g_Rz,Strawberry Fields: A Tribute to The Beatles,Undefined,2018/5/19,47,36.17005702882047,0
k7vGFfMBWOfNZ,Brian Culbertson,Jazz,2018/4/5,39.5,32.20245663492209,52
k7vGFfMMKq76J,Taylor Swift,Rock,2018/7/20,49.5,50.66836258169935,95
k7vGFfMSGxewN,,Rock,2018/4/5,20,36.78822469760632,57
k7vGFfMSn9luK,Dweezil Zappa,Rock,2018/4/27,25,32.003661950549464,28
k7vGFfMhAuPxM,Luciano Pereyra,World,2018/4/8,49,49.72801428571428,68
k7vGFfMloyfDR,Protest the Hero,Rock,2018/4/27,20,37.80516383061382,53
k7vGFfSS_GEHK,Harlem Gospel Choir,Religious,2018/4/1,47,43.99272410555132,22
k7vGFfSVyoHjr,,Jazz,2018/5/19,39,45.9449,55
k7vGFfU2dQAef,George Thorogood & The Destroyers,Rock,2018/4/20,40.5,42.072878318903314,61
k7vGFfULfJgNP,,Rock,2018/4/5,20,35.79141458333333,74
k7vGFfUMPXPNm,,Dance/Electronic,2018/4/21,49,44.21712539682539,34
k7vGFfUNUKE_a,,Jazz,2018/4/25,29,31.902567692869994,53
k7vGFfVhLw4t-,Harlem Gospel Choir,Religious,2018/4/8,47,43.99272410555132,22
k7vGFfVhLyPnj,Harlem Gospel Choir,Religious,2018/4/29,47,43.99272410555132,22
k7vGFfVwrMwZd,Paul Anka,Pop,2018/5/6,65,57.83389226190476,65
k7vGFfcQKLsDI,Udo Dirkschneider,Metal,2018/4/6,20,20.10547619047619,12
k7vGFfcYZPtQh,,Rock,2018/4/28,24,37.82881347117794,70
k7vGFfgD1udzm,Andy Grammer,Rock,2018/4/14,30.5,41.96955930451128,76
k7vGFfgJgg7A-,Straight No Chaser,Rock,2018/4/14,50,57.011081217230476,65
k7vGFfglnz9jK,Louder Than Love,Rock,2018/4/7,59.5,49.967031012189565,0
k7vGFfgm5dsD1,,Dance/Electronic,2018/5/11,45.5,45.5254242063492,93
k7vGFfn0bRC9I,Audra McDonald,Pop,2018/6/3,25,36.567550000000004,59
k7vGFfncI9OlC,,Jazz,2018/4/28,69,43.69433095238095,47
k7vGFfz3TeVbr,,Rock,2018/6/15,95,48.143092496694116,63
k7vGFfzu28JG6,,Rock,2018/4/26,25,42.76740519480521,64
vv16vZAu8kAZA85eG5,Tommy Emmanuel,Jazz,2018/4/12,39.5,23.473297619047617,53
vv170ZfUGkTAxPi7,Yo La Tengo,Rock,2018/6/8,28,28.858985119047624,65
vv170ZfwGkDd00ov,,Rock,2018/5/12,30,46.08050420274169,60
vv177ZfMGkMGfuER,,Rock,2018/4/23,35,31.168348014069256,63
vv177ZfMGkMaSW0r,,Hip-Hop/Rap,2018/4/22,15,21.13667023809524,67
vv177ZfMGkMziCfh,,Rock,2018/6/20,39.5,30.129365196078428,72
vv177ZfSGkn8Vxsp,,Pop,2018/4/11,29.5,31.112245569985575,76
vv177ZfSGknBkAxG,,Rock,2018/5/18,22,29.74860817515818,68
vv177ZfUGklKpE8G,Monsieur Perine,Jazz,2018/4/26,28,28.094782575757577,58
vv177ZfYGkBOV3_R,Shania Twain,Country,2018/7/11,35.45,35.05389775641024,76
vv177ZfgGkRtebJS,George Thorogood & The Destroyers,Rock,2018/4/13,35,44.5117783348351,61
vv177ZfgGknExeQ9,,Undefined,2018/6/1,140,55.82418511904763,75
vv178ZfMGkUBw3cz,,Rock,2018/4/15,39.5,41.629393742715614,63
vv178ZfMGkm3IsS0,Taylor Swift,Rock,2018/6/1,81,52.63501572219447,95
vv178ZfUGkl8AKJC,Jethro Tull,Rock,2018/6/30,99,86.79404313725492,66
vv178ZfYGkiaaMFj,Shania Twain,Country,2018/5/19,39.95,38.030065565985936,76
vv17FZfMGkM_Z6XO,Jackson Browne,Rock,2018/5/13,60.5,63.66645147058824,69
vv17FZfMGkUlzP6u,,Rock,2018/4/11,21,26.08799365079365,80
vv17FZfUGkB4qNwA,Eric Marienthal,Rock,2018/4/10,36,34.055460495129864,40
vv17FZfUGkBIDVsy,Chris Heslop,Jazz,2018/4/12,25,26.10347101190476,0
vv17FZfUGkBu13Rq,Greg Hatza,Jazz,2018/4/7,20,25.975515853174592,2
vv17FZfUGkUiXVh7,Billy Price Band,Rock,2018/4/7,30,32.945437161796534,7
vv17FZfUGkXtU0EQ,Slam Allen,Blues,2018/4/15,45,29.64591666666666,12
vv17FZfgGkT9qAHk,U2,Rock,2018/6/29,46,49.36113004201681,85
vv17OZfMGkzd2UJp,Brian Culbertson,Jazz,2018/4/15,39.5,31.31493147926635,52
vv17OZfMGkzzYUhN,,Rock,2018/4/14,19.99,27.727390568317045,63
vv17OZfUGkBaQ3dO,,Country,2018/5/4,37,44.799834761904755,77
vv17OZfVGkRmePCI,The Purple Xperience,Undefined,2018/4/14,25,28.385185297619046,0
vv17OZfwGkDffPu-,Ethan Bortnick,Children's Music,2018/5/5,55,32.15477343749999,20
vv17bZfUGkUWOfs3,,Country,2018/4/26,26.99,42.995917142857124,74
vv17bZfgGkT-A7ln,,Religious,2018/4/15,25,29.604775,67
vv17fZfMGkRnkEsQ,,Rock,2018/4/2,20,20.540296550671545,57
vv17fZfUGklwNIBA,,Rock,2018/7/15,32.5,25.653084249084255,66
vv17fZfgGkwj3xtl,,Rock,2018/7/11,25,38.86470555555555,78
vv17fZfwGkXgXAa_,Celtic Woman,World,2018/4/18,42,35.50742380952381,63
vv1A6ZAu9GkdW54D1,,Metal,2018/4/8,43,40.1262,70
vv1AAZACvGkewhAMb,Brian Culbertson,Jazz,2018/4/8,29.5,23.30586666666667,52
vv1AAZAuEGkePMSx1,AJR,Pop,2018/4/18,19.5,23.20977283549783,76
vv1AAZAuIGkdfxAVf,AJR,Pop,2018/4/17,18,23.582197420634927,76
vv1AFZAu8Gke0eeBF,,R&B,2018/4/5,42,42.05569190676607,62
vv1AFZAuUGkeISwbp,Khalid,R&B,2018/6/1,35.95,49.674104166666666,98
vv1AaZA13Gkdm1_Ka,,Rock,2018/6/7,25,32.221207487651235,77
vv1AeZAuUGkdRAy69,Get the Led Out,Undefined,2018/6/26,39.5,40.446688333333334,0
vv1AeZAugGkd87k6R,Assembly of Dust,Rock,2018/4/28,18,27.25748214285714,33
vv1AkZAu-GkeczNRd,,Country,2018/7/8,67.5,62.94022993561629,79
vv1AvZAGSGkd_d7RV,,Performance Art,2018/5/2,19,19.29375,39
vv1AvZAGVGkdSSF6u,Joe Bonamassa,Blues,2018/4/28,99,47.486305,64
vv1AvZAu-GkeMq9qQ,,Country,2018/6/16,69.5,41.227667554858925,79
vv1AvZAuIGkdq4ERm,The Suffers,R&B,2018/4/26,12,14.409285714285714,45
vv1AvZAuIGkeWmPzc,AJR,Pop,2018/5/12,24.5,23.963642857142855,76
vv1AvZAugGkdYJHNX,,Country,2018/4/18,35,44.283019191919195,52
vv1AvZAusGkdcG5e5,Taylor Swift,Rock,2018/7/28,49.5,57.06432647058824,95
vv1F7ZfMOErbZdCFA,Fozzy,Rock,2018/4/7,18,23.824419764957266,57
vv1k8ZfUkkG7cokm,Foreigner,Rock,2018/4/7,65,67.16625147058824,72
vv1kOZfUFtG7BEQB,,Metal,2018/4/12,32,30.549902777777785,57
vv1ke8vKqIGA1--_Y,Raphael,World,2018/4/22,50,47.58489651515151,61
vv1keZvKoZGAuiU8i,Sam Smith,Rock,2018/6/22,35,41.99818728354979,97
vvG10ZfmM-mu2P,Peter Hook and the Light,Rock,2018/5/18,25,30.965594047619046,28
vvG17Zfmr4A3Xq,Pam Tillis,Country,2018/4/14,30,29.91592662337662,54
vvG1HZfMmtHvDG,,Country,2018/5/19,37,45.53546724089636,77
vvG1IZfSnJgSkd,,Performance Art,2018/4/4,22.5,22.79830833333333,39
vvG1OZflEzld5x,The Fab Faux,Undefined,2018/4/21,29.5,28.615818223443224,1
vvG1VZfMB4e_n5,Odesza,Dance/Electronic,2018/5/18,30.75,43.26775416666666,81
vvG1VZfS5GJ_IU,,Rock,2018/4/14,24.5,26.12071874999999,64
vvG1VZfSK6Kn50,Ambrosia,Rock,2018/4/6,160.5,131.4861258459596,53
vvG1VZfUXIw_ml,Royal Blood,Rock,2018/6/11,26,29.005909507101087,75
vvG1VZfYwcPlHi,Shania Twain,Country,2018/6/1,35.7,43.25780425366298,76
vvG1VZfgT_012h,,Metal,2018/4/2,23.5,27.55882708333333,57
vvG1YZfM8z7gZn,,Religious,2018/5/26,35,35.24463559366592,67
vvG1YZfMKJRV1z,Khalid,R&B,2018/5/16,40.95,46.51350833333332,98
vvG1YZfMzWAk33,,Rock,2018/7/21,29.5,32.564394376624435,72
vvG1YZfURrVKc2,Maluma,World,2018/4/20,50.5,51.18913474025975,92
vvG1YZfUUeg-Rs,Huey Lewis and the News,Rock,2018/5/11,30,41.20143315447765,68
vvG1YZfV2d4SmT,P!NK,Rock,2018/5/1,47.45,47.330556123043614,89
vvG1YZfgEJOP8Q,,Rock,2018/6/9,49.5,49.116392707431466,95
vvG1fZfR2cGybG,Columbus Jazz Orchestra,Jazz,2018/4/26,18,18.095635897435894,1
vvG1zZfM9Vb1C7,Royal Blood,Rock,2018/6/14,25,35.45533004970796,75
vvG1zZfMStcpRa,Chicago,Rock,2018/5/20,67,43.781010912698406,72
vvG1zZfMetmVgm,Maluma,World,2018/5/10,52.5,41.37396401515151,92
vvG1zZfUz9eiFX,Arcangel,Hip-Hop/Rap,2018/4/14,40,41.96413549242424,88
vvG1zZfVRVHQC2,Rhiannon Giddens,Country,2018/4/14,32.15,32.916202963267025,52
vvG1zZfgBDy7m5,,Rock,2018/7/24,25,37.450250793650795,78
vvG1zZfwBIbpKk,,Pop,2018/4/10,30,29.254645833333335,64
vvG1zZfzaXJw58,,Rock,2018/7/8,29.5,45.559736201298705,72
16eFZfwQ4G7Wb_N,House of Blues Gospel Brunch,Religious,2018/9/2,43,47.58580178571427,0
1A4ZAu9GkdSWxyj,,Rock,2018/10/2,49.5,44.95022601254481,95
1ApZAu_Gkdco7MH,,Rock,2018/9/22,46.5,42.453331349206344,95
1ApZAubGkdvg3TY,,Rock,2018/9/29,47.25,46.34600060356311,95
1Av0ZfgGkTF-eJW,,Rock,2018/8/12,25,40.6586240079365,78
G5vYZfSUM_kB0,Sam Smith,Rock,2018/9/4,37,38.126477064132104,97
G5vYZfSgRheCG,Sam Smith,Rock,2018/9/5,32.5,37.06789079429084,97
G5vYZfwMNIJxX,,Rock,2018/8/4,29.5,30.23211408730159,87
G5viZfMw43NDo,Taylor Swift,Rock,2018/8/25,46.5,38.92951948046582,95
vv177ZfSGkRRfyh-,,Country,2018/8/25,66,63.3842375,76
vv17bZfMGkSZ7dTS,Taylor Swift,Rock,2018/9/8,45.5,44.34895451770453,95
vv1AkZAu7GkdxePTE,Sam Smith,Rock,2018/8/17,45,40.62480992895992,97
vv1AvZAubGkd31p5I,,Rock,2018/10/7,45,43.03622361492674,95
vv1kbZfgxaG7nwAa,,Rock,2018/9/18,46.5,39.81211749999999,95
vvG1IZfU6ewohs,,Rock,2018/8/11,25,27.066870634920637,78
vvG1IZfwB56s5h,,Rock,2018/8/17,29.5,31.62478303571429,87
vvG1VZfS3UctwX,Ed Sheeran,Pop,2018/11/7,37,37.12784334935896,100
vvG1VZfwB5wbeq,,Rock,2018/9/23,39,45.565718181818184,87
vvG1zZfS2VNI_u,Ed Sheeran,Pop,2018/11/10,34.5,37.277123458485946,100
vvG1zZfUO4x13n,Alan Jackson,Country,2018/9/15,39.99,35.605372281746,75
