event_id,artist,genre,event_date,tm_max_price,prediction,spotify_popularity
11AOvKu94P76v2,,Metal,2018/1/17,32.5,35.523590909090906,68
11FOvKatfz-9v2,House of Blues Gospel Brunch,Religious,2018/2/11,43,42.78318095238095,0
15d0ZfbOvF_rk,Legends In Concert (Las Vegas),Undefined,2017/12/27,82.5,69.1999439454078,0
15vfZfSFaogJd,Mike & the Mechanics,Rock,2018/3/27,45,39.14325615662932,62
164ZAuVZkZA5a26v,Mac McAnally,Rock,2018/1/21,39.5,32.97419047619048,37
16eZZfgAzG7g9qY,,Country,2018/3/24,324.75,287.0762984848485,75
16pZAuaPPZACe2C5,Black Jacket Symphony,Rock,2018/1/20,35,47.51419879009879,0
16vbZfz8eG7lP1e,Corey Smith,Country,2018/2/9,22,36.4747393939394,56
16vfZfVOkG7ng-s,Tedeschi Trucks Band,Rock,2018/2/16,87.5,83.63426918914418,58
16vfZfVOkG7tg-c,Tedeschi Trucks Band,Rock,2018/2/10,87.5,85.9280750897653,58
16vfZfgJfG7gstg,Lee Ann Womack,Country,2018/3/23,35,42.44727727272727,59
16xZAuFFzZA81A1G,Mavis Staples,R&B,2018/2/25,78.5,75.87541666666667,59
16yZAkFZ8ZA81F6a,Legends In Concert (Las Vegas),Undefined,2017/12/23,82.5,71.17793091111112,0
17A8v3G62HO08rz,Lara Fabian,Rock,2018/2/7,326,91.09506051587302,58
17A8v3G62xW6039,Junior Brown,Blues,2018/1/19,25,45.42456666666667,76
17A8v3G6GVwAK0N,Shakira,World,2018/1/16,160.5,231.46078479853477,90
17A8v3G6uLzASzX,Eric Benet,R&B,2018/1/18,69.5,62.986043650793654,60
17C8v3G65U3RZlw,Backstreet Boys,Rock,2018/2/7,350,318.8112459398496,80
17C8v3G6CCcQvhy,,Pop,2017/12/17,78.89,118.08537837215235,0
17C8v3G6CCclorL,,Pop,2017/12/19,78.89,122.83839043851735,0
17C8v3G6CCcrvjL,,Pop,2017/12/26,78.89,122.83839043851735,0
17C8v3G6CCiLvpH,,Pop,2017/12/30,78.89,108.76124634171885,0
17FOv3G65NFEMVh,The Langston Hughes Project,Jazz,2018/2/10,64,48.4971875,5
17FOv3G65QH-ILQ,Barrington Henderson,R&B,2018/1/13,44,43.94484129116695,0
1A4ZAC7GkdaON0u,The Oak Ridge Boys,Country,2018/3/16,59.5,43.94455,55
1A4ZAG4Gkdl943u,The Ventures,Rock,2018/1/25,29.5,36.16041223282002,52
1A4ZAGIGkdy0AGl,Robin Trower,Rock,2018/3/21,55,45.00626071428573,51
1A4ZAGdGkelS79L,Charles Esten,Country,2017/12/27,55,53.09554166666666,53
1A4ZAGgGkdkxSvJ,Celebrating David Bowie,Undefined,2018/2/10,35,27.18203089798773,0
1A4ZAuNGkdMQgRf,Rakim,Hip-Hop/Rap,2017/12/29,26.5,64.59040119047617,60
1A4ZAuYGkdmcAA1,Travis Greene,Religious,2018/2/25,25,49.586597619047616,59
1A4ZAukGkdKVNx9,,Hip-Hop/Rap,2017/12/22,100,88.66077619047617,61
1A4ZAuxGkdbZf6h,Phillip Phillips,Rock,2018/2/17,29.5,41.44951068160068,67
1A9ZAG9Gkdlg4bp,Stellar Gospel Music Awards,Religious,2018/3/24,196,135.3044360048877,0
1A9ZAGeGkeXJNJe,Santana,Rock,2018/1/27,350,506.1695200843453,74
1A9ZAuAGkdU37mO,Purple Reign - Prince Tribute,Undefined,2018/2/23,82.49,67.08321627338509,0
1A9ZAuAGkdUKfmE,Purple Reign - Prince Tribute,Undefined,2018/2/24,82.49,66.60808129080255,0
1A9ZAuAGkdUTfUi,Purple Reign - Prince Tribute,Undefined,2018/3/23,82.49,71.31004127092497,0
1A9ZAuAGkdUYVwn,Purple Reign - Prince Tribute,Undefined,2018/3/3,82.49,72.01939028148534,0
1A9ZAuAGkdUa7cP,Purple Reign - Prince Tribute,Undefined,2018/2/10,82.49,66.60808129080255,0
1A9ZAuAGkdUi0wQ,Purple Reign - Prince Tribute,Undefined,2017/12/29,82.49,70.10742324017433,0
1A9ZAuAGkdUm7wr,Purple Reign - Prince Tribute,Undefined,2017/12/30,82.49,71.17793091111112,0
1A9ZAusGkeMgKpd,Purple Reign - Prince Tribute,Undefined,2018/1/13,82.49,67.36111432603175,0
1AOZA1dGkd3Czwk,Joe Bonamassa,Blues,2017/12/8,149,58.145563888888894,64
1AOZAGVGkdLc6Tb,,Religious,2018/3/15,66.75,102.82929848484848,70
1AOZAGyGkdkZMMN,,Rock,2018/1/29,72,142.99150595238098,81
1AOZAu3GkdtrbbV,,Country,2018/2/15,112,327.87393459595955,80
1AYZAukGkd-Ix-P,Jason Isbell,Rock,2018/2/3,69.5,140.97590314713065,62
1A_ZAGbGkd9nVED,Johnny Mathis,Pop,2018/3/25,124,125.74953333333333,69
1Ad0ZfIGknkYNAa,Celine Dion,Pop,2018/1/9,458.71,418.8260810036515,79
1Ad0ZfVGkS2PU9r,,Pop,2018/2/7,108.99,127.06954913954182,0
1Ad0ZfVGkS2Sp9w,,Pop,2018/2/22,108.99,125.40321186654211,0
1Ad0ZfVGkS2YJ9m,,Pop,2018/2/19,108.99,127.99744476795709,0
1Ad0ZfVGkS2zU9B,,Pop,2018/3/1,108.99,126.76110671948328,0
1Ad0ZfVGkS8epb1,,Pop,2018/1/8,108.99,128.24956986802613,0
1Ad0ZfVGkS8rkbg,,Pop,2018/2/2,108.99,121.77021186654213,0
1Ad0ZfVGkSC0kZg,,Pop,2018/2/13,108.99,127.51754476795709,0
1Ad0ZfVGkSC_gDp,,Pop,2018/1/20,108.99,119.59583928717704,0
1Ad0ZfVGkSCyJ89,,Pop,2018/3/23,108.99,122.5287067194833,0
1Ad0ZfYGklchKj3,Paul Shaffer,Rock,2017/12/30,149,108.67181482807432,40
1AdZZfYGkwh4soy,,Rock,2017/12/20,850,497.76614098901086,79
1AdZZfYGkwh4voo,,Rock,2017/12/7,850,480.22199098901086,79
1AdZZfYGkwh_v3P,,Rock,2018/1/25,850,578.2011627148705,79
1AdZZfYGkwhps39,,Rock,2018/1/16,850,603.6483154926483,79
1AdZZfYGkwhpv3Z,,Rock,2017/12/23,850,472.37149813186807,79
1AeFZfMGkDCDMH7,Tank,Hip-Hop/Rap,2017/12/29,40,60.36181190476191,69
1AeFZfUGkIYNjP_,JJ Grey & Mofro,Rock,2018/2/9,37.25,76.30046634199135,54
1AeFZfVGkVTgi91,Robin Trower,Rock,2018/3/13,73,51.90999911727162,51
1AeFZfYGkTOLQ11,Trans-Siberian Orchestra,World,2017/12/16,75,88.79258928571427,69
1AeFZfYGkt4hE-e,Trans-Siberian Orchestra,World,2017/12/14,62.75,78.74146279761905,69
1AeFZfgGkDxRnoO,Don McLean,Rock,2018/2/16,69,126.90624055757436,66
1AeFZfwGkD5Vy0d,La Sonora Ponceña,World,2018/1/6,67.25,93.56591666666667,19
1AeZZfgGknCp9zn,,Country,2018/2/8,35.5,67.25315008089133,75
1ApZAGJGkdFQf9F,,Undefined,2017/12/12,75,30.115476190476187,0
1ApZAGpGkeEgSL4,,Religious,2017/12/16,75,59.77204444444445,70
1ApZAGsGkeD9-4l,The Spinners,R&B,2017/12/8,80,88.95177619047618,61
1ApZAGyGkexPKSQ,Greensky Bluegrass,Country,2018/2/8,27,63.077275,59
1ApZAu7GkdcHkej,,Dance/Electronic,2018/3/7,32.5,33.1421893939394,65
1ApZAu7Gkew9KRI,,Rock,2018/3/27,299.95,209.3226072232922,89
1ApZAu9GkdEWUdV,Kid Rock,Rock,2018/1/20,124.5,48.379948190982084,72
1ApZAuEGkdmsg_8,Kansas,Rock,2018/3/23,94.5,84.11466897848399,70
1ApZAuIGkd32UPe,Dressed To Kill,Undefined,2018/2/17,13,19.805128205128202,3
1ApZAueGkdev4tj,,Undefined,2018/2/15,20,31.50738982683983,42
1ApZAutGkeMyStC,Blackbear,Hip-Hop/Rap,2017/12/15,30,91.04212962962961,89
1Av0ZfVGkRVmU4f,Mannheim Steamroller Christmas,New Age,2017/12/17,150,103.24061249999998,0
1AvbZfMGkMAhKE2,Corey Smith,Country,2018/2/8,27,57.83048621212122,56
1AvbZfSGkSizJGQ,,Rock,2018/1/19,40,46.90282702020201,62
1AvbZfUGkBE8KGe,Jamey Johnson,Country,2018/1/27,80,93.12417178030299,64
1AvbZfUGkT0GfJD,,Metal,2018/2/3,45,40.81325,70
1AvbZfUGkTIH7mV,The Doors of Chicago,Undefined,2018/3/23,15,41.40497943722944,0
1AvbZfUGknw87yE,,Rock,2018/3/30,22,27.384893939393937,64
1AvbZfVGkSA4pa6,The Avett Brothers,Country,2018/1/18,99.5,49.17438571428572,69
1AvbZfVGkSAppau,The Avett Brothers,Country,2018/1/19,99.5,43.36138571428572,69
1AvbZfVGkUz3gUH,,Country,2018/2/8,57,57.50703333333334,77
1AvbZfVGkzNa0Rs,Sundy Best,Folk,2017/12/30,26,36.947590909090906,47
1AvbZfYGkllJpI9,,Rock,2017/12/15,99.5,36.855570555275946,63
1AvbZfsGkD18Sme,The Prince Experience,Undefined,2017/12/23,25,23.015756249999995,0
1AvbZfwGkBi9N0Y,Machine Head,Metal,2018/2/15,25,31.57166666666667,66
1AvfZfSGkIZFguE,,Rock,2017/12/11,200,215.2861326479077,86
1AvfZfSGkSnr7U2,,Rock,2018/1/29,35,37.78080192511192,62
1AvfZfSGkn-Meq8,Aaron Neville,R&B,2017/12/7,89.5,74.70597222222221,58
1AvfZfSGkn0xwNk,The Musical Box,Undefined,2018/2/27,45,34.060785079365075,0
1AvfZfUGkD7MNBK,Rachelle Ferrell,Pop,2018/3/2,59.5,38.88526025559077,40
1AvfZfUGkTKyKTg,Romeo Santos,World,2018/3/10,129.5,157.03225,86
1AvfZfUGkXx4eE4,Widespread Panic,Rock,2018/3/16,62.73,98.51773030303019,57
1AvfZfVGkSskPeh,The High Kings,World,2018/3/18,35,42.423033333333336,58
1AvfZfVGkwrBec2,,Country,2018/2/9,59,73.60078999999998,77
1AvfZfwGkBXpS8U,Bruno Mars,Rock,2017/12/20,295.46,267.65291115384605,92
1AvfZfwGkHv2kdd,,Rock,2018/1/20,35,39.60902272727273,77
1AvfZfwGkRdrxki,Action Bronson,Hip-Hop/Rap,2017/12/22,29.5,49.157404761904765,71
1AvjZfwGknKUZV7,House of Blues Gospel Brunch,Religious,2017/12/17,54.5,62.27640303696304,0
1AxZACvGkd7KBSt,Fleet Foxes,Rock,2018/3/2,48.14,69.77347272293399,73
1AxZAGgGkdaW1BR,,World,2017/12/14,140.5,216.37058235930738,98
1AxZAu3Gkd6J_qo,Foreigner,Rock,2018/3/16,104.14,81.99093859594984,72
1AxZAuEGkd4gQLX,AJR,Pop,2018/2/13,88.75,71.21913333333333,76
1AxZAuIGkdbZamM,,R&B,2017/12/29,175,107.08409325396828,71
1AxZAubGkdnwaI1,,Dance/Electronic,2017/12/16,137.75,71.25505796703297,75
1AyZAG4GkdU5NN9,Jennifer Lopez,World,2018/2/21,259,252.1049502793442,82
1AyZAGFGkdv8S4d,Lionel Richie,R&B,2018/3/17,299,255.75516139346757,73
1AyZAGFGkdvadfG,Lionel Richie,R&B,2017/12/16,229,211.783,73
1AyZAGFGkdvuNfL,Lionel Richie,R&B,2018/3/10,299,255.75516139346757,73
1AyZAGVGkd940wo,Wayne Newton,Pop,2018/1/24,178,136.40442674210666,48
1AyZAGVGkd9b7w9,Wayne Newton,Pop,2018/1/30,178,137.54643150401142,48
1AyZAGVGkd9z7Dp,Wayne Newton,Pop,2018/3/27,178,137.58287602079525,48
1FFOvKbw8pZ7G5eA,Reggaeton Old School,Hip-Hop/Rap,2017/12/16,103,74.97312077732208,0
1axZAGw-FCeZeu7,Ana Popovic,Rock,2018/3/7,36,47.69889078393829,45
1kA8vKfyGAGB3is,Brockhampton,Hip-Hop/Rap,2018/1/28,28.5,33.94502380952381,75
1kA8vKqZGA1fbWC,Black Alley,R&B,2018/1/14,20,41.294216666666664,35
1kAOvKb_GA5X3rR,,Country,2018/2/18,91,71.243,82
1kAYvK7tGAGxK1N,CAKE,Rock,2018/2/17,55,57.84162662337663,69
1kC8vopbGAGL7yY,Tenors of Rock,Rock,2017/12/20,99,117.90261666893679,2
1kFZvKA_GA18ELF,Jennifer Nettles,Folk,2017/12/14,79.5,61.365732142857134,54
G5dIZfSMLO_VT,,Pop,2018/3/29,29.5,68.17722875,76
G5dIZfSQDZfG-,,Rock,2018/3/3,89.5,72.24759913239537,74
G5dIZfU1PYf4-,,Rock,2018/2/23,83,101.13024233161732,67
G5dIZfU5lrUCu,,Metal,2018/3/30,32,34.28147159090909,57
G5dIZfU84NJhG,,Rock,2018/3/1,61.25,74.53585744408369,72
G5dIZfUJQbNtr,Wynonna and The Big Noise,Country,2017/12/8,75,67.39215992063492,0
G5dIZfYlGCwD-,Trans-Siberian Orchestra,World,2017/12/23,76,85.7261845238095,69
G5dIZfYr4xe6O,The Fab Four,Undefined,2018/2/2,45,48.464416666666665,89
G5dIZfgRhK49r,Above & Beyond,Dance/Electronic,2018/2/24,37.5,48.86856491596639,70
G5dIZfgwJeomu,,R&B,2018/3/2,65,53.82324263930514,56
G5dIZfmUvHsRQ,Mannheim Steamroller Christmas,New Age,2017/12/29,85,79.77893487394958,0
G5dIZfwhuPVtd,The Moody Blues,Rock,2018/1/21,148.25,64.86974733136496,63
G5dIZfwxcIVi5,,Rock,2018/1/20,35,61.34350993727426,64
G5dYZfUQSJweV,Ricardo Montaner,World,2018/3/10,185,374.0271505698006,73
G5diZfMCrMoce,Romeo Santos,World,2018/2/17,199.5,179.48725157990157,86
G5diZfMSLasTW,Aska Yang,World,2018/3/24,394,130.08113215962442,52
G5diZfUUhKejY,Maluma,World,2018/3/25,176.5,183.7860871873497,92
G5diZfYUi48gH,Phish,Rock,2017/12/31,100,156.93084444444446,62
G5diZfYUiGOgw,Phish,Rock,2017/12/30,90,111.33722738095237,62
G5diZfg6vDoUk,Ricardo Arjona,World,2018/2/22,234,243.31687006974508,80
G5diZfs31AORT,Aquarium,Rock,2017/12/10,156,183.05824496825397,46
G5ezZf4Rd6pzs,The Australian Bee Gees,Undefined,2017/12/23,67.84,71.17793091111112,0
G5ezZfwL73emS,The Australian Bee Gees,Undefined,2018/2/21,67.84,66.61115453029781,0
G5ezZfwL7LxU6,The Australian Bee Gees,Undefined,2018/2/8,67.84,66.33058443869201,0
G5ezZfwL7dxxv,The Australian Bee Gees,Undefined,2018/1/28,67.84,64.68090391230709,0
G5ezZfwL7ex-l,The Australian Bee Gees,Undefined,2018/1/27,67.84,67.36111432603175,0
G5ezZfwL7q3gT,The Australian Bee Gees,Undefined,2018/2/6,67.84,63.709876691621986,0
G5ezZfwLdmead,The Australian Bee Gees,Undefined,2018/1/2,67.84,63.310540416653794,0
G5ezZfwLdw3aa,The Australian Bee Gees,Undefined,2018/1/6,67.84,67.36111432603175,0
G5vVZfMRKIsrn,Tina Karol,World,2018/1/20,110,109.64679090909091,36
G5vVZfMkLPePy,Beatlemania Now,Undefined,2018/1/26,59,40.8971938462681,0
G5vVZfR5RJ7K-,Sweet Honey In the Rock,Undefined,2018/1/14,35,73.56192880607615,41
G5vVZfRJj5wkI,Abba Mania,Undefined,2018/2/1,39,41.1266855429293,0
G5vVZfSNDBwdZ,,Rock,2018/1/20,35,127.73553980848158,78
G5vVZfSNtzsyw,,Rock,2018/3/8,45,52.09626825396825,68
G5vVZfSUtx3CE,,Rock,2018/3/24,99,85.95550561627914,4
G5vVZfUr0Evb7,,Hip-Hop/Rap,2017/12/15,95,74.99814047619049,89
G5vVZfVSjAoF0,Jason Isbell & the 400 Unit,Rock,2018/2/5,60,76.33810578298223,63
G5vVZfVhZ1vGY,Yalla,Folk,2018/1/6,100,80.86600820803714,12
G5vVZfYE2-Kh-,Holiday Express Benefit Concert,Holiday,2017/12/18,125,53.6994375,0
G5vVZfgPM_YDQ,Omer Adam,World,2018/3/18,155,124.90617499999999,52
G5vVZfgrcQs7y,Rod Stewart,Rock,2018/3/24,129,158.8192232235142,78
G5vVZfml-yS6U,Chris Botti,Jazz,2018/1/19,89,91.3193675595238,62
G5vVZfwT0KS2R,,Country,2018/2/23,79,69.08601301587301,70
G5vYZfRSvSzUW,Buddy Guy,Blues,2018/3/17,123,90.76155646825397,59
G5vYZfRnPmgIG,Dave Koz,Jazz,2017/12/21,95,86.23922222222224,57
G5vYZfSUhyft3,Pixies,Rock,2017/12/8,95,68.94759049097166,72
G5vYZfSowqsLS,Marshmello,Dance/Electronic,2018/1/13,49.5,44.3639738095238,93
G5vYZfSw0Fpk8,,R&B,2017/12/31,77.75,90.0172222222222,57
G5vYZfSxsQKS4,,Rock,2018/3/10,77.5,98.07318212408838,74
G5vYZfU1m3pew,Loverboy,Rock,2018/2/16,69.95,68.32092440841434,60
G5vYZfU2PHM0P,,Dance/Electronic,2018/1/27,45,44.88111767676768,65
G5vYZfVhpwMlD,,Rock,2018/1/17,36,58.141455059523814,73
G5vYZfg6B_EQB,,Rock,2018/2/1,49.5,70.71225714285714,78
G5vYZfgAactPC,Above & Beyond,Dance/Electronic,2018/3/2,59.5,54.84814705882352,70
G5vYZfgRniQQv,,Rock,2018/2/17,29.5,85.4126,84
G5vYZfgTd-Sge,Glen Hansard,Rock,2018/3/12,49.5,54.92055793650793,63
G5vYZfn92o0PY,Ricardo Arjona,World,2018/3/11,160.5,362.6944746794872,80
G5vYZfnTJaUpn,Pixies,Rock,2017/12/9,95,69.35487119272605,72
G5vYZfnXRo7ma,Kehlani,R&B,2017/12/8,35,66.5116111111111,84
G5vYZfsBop77R,Todd Rundgren,Rock,2017/12/22,85,70.60024894109159,57
G5vYZfwL_74wu,,Rock,2018/2/22,36,77.78927261304757,64
G5vYZfwNpAAB2,,Rock,2018/2/13,29.5,46.966315476190445,93
G5vYZfwTMWnlF,Machine Head,Metal,2018/3/3,29.5,49.220375,66
G5vYZfwUWOVwn,,Religious,2018/2/13,66.75,68.40164285714285,70
G5vYZfz2h4xNJ,Kali Uchis,Rock,2018/2/19,35,145.88555487886381,78
G5viZfISt8Xwx,Janet Jackson,Rock,2017/12/7,120.5,139.3357138888889,71
G5viZfM6CwQ6h,Willie Nelson,Country,2018/2/9,114,61.272312500000005,73
G5viZfMFOT_2Q,,Metal,2018/3/16,20,28.012238095238093,57
G5viZfMKpS6ax,Ella Vos,Rock,2018/2/27,15,34.65489941927991,72
G5viZfMpXv6QH,KC & the Sunshine Band,Rock,2018/2/17,80,79.91341448331094,65
G5viZfR2e__S4,,Dance/Electronic,2017/12/13,25,34.009070952380945,59
G5viZfRJbIxo8,Blackberry Smoke,Rock,2018/1/19,30,54.42457601842602,56
G5viZfSek2o0X,,Rock,2017/12/8,50,85.52878339275105,64
G5viZfSnQcdO_,Rascal Flatts,Country,2017/12/16,150,41.95013046928917,76
G5viZfSp26e76,Starship,Rock,2017/12/30,75,77.86480597781218,68
G5viZfUuANmzE,Easton Corbin,Country,2018/2/9,40,38.34031273448773,68
G5viZfV2iU4b1,Dwight Yoakam,Country,2018/1/16,150,100.13414826839828,62
G5viZfgCUBJfp,,Country,2017/12/10,63.65,73.03720587606831,54
G5viZfgCUgJKH,,Country,2017/12/9,63.65,63.78440342296591,54
G5viZfgEdkgUY,The Black Lillies,Country,2017/12/31,36.5,44.328087499999995,36
G5viZfgR1cEc1,Michael McDonald,Rock,2018/2/23,54,42.649484421495885,61
G5viZfgRBTag7,,Hip-Hop/Rap,2017/12/14,15,49.40179761904761,64
G5viZfgRoHETZ,Luke Combs,Country,2018/2/3,35,100.90523514652014,77
G5viZfgXFF-GH,Tommy James and the Shondells,Rock,2018/1/12,40,44.42157911956465,56
G5viZfgdvMkkg,,Country,2018/3/9,269,68.85556322751322,82
G5viZfgxSGVq9,,Rock,2018/3/28,499.95,389.69562155248497,94
G5viZfiLNI7rx,,Rock,2018/3/30,139,73.86336473771327,31
G5viZfiLNtfrP,,Rock,2018/3/31,139,78.98758768143621,31
G5viZfmC1vo18,Ronnie Milsap,Country,2017/12/16,45,49.2439,55
G5viZft34cTdz,NEEDTOBREATHE,Rock,2017/12/13,60.5,45.407494918074754,71
G5viZftG7i5OX,NEEDTOBREATHE,Rock,2017/12/17,50.5,64.57760697916183,71
G5viZfwQdIdcj,Chris Janson,Country,2018/2/5,36.75,72.40500645021645,65
G5vzZfM6KywkO,,Country,2018/2/1,126.99,112.76974166666659,74
G5vzZfmpDfxG0,Marilyn Manson,Rock,2018/1/20,49.75,67.03788459595961,78
k7v16AuAPNOJZeCA,Marah,Rock,2017/12/21,20,28.394719190291056,25
k7v16Augjb0fZeGa,Strictly Hip,Rock,2018/1/12,10,34.516229450549446,0
k7v16Augq_f4Ze57,Strictly Hip,Rock,2018/1/19,10,34.516229450549446,0
k7v1AACvAzZA5Fu78,,Rock,2018/3/27,27.5,161.9572816666667,62
k7v1FfU03qt_A,,Rock,2018/3/20,20,89.14860714285713,64
k7v1FvKpZPF3Kv5,,Rock,2018/3/1,59,93.38870016962943,64
k7v1kvKfZ8PZ7G7v6,The White Panda,Dance/Electronic,2017/12/27,35,131.4098603298538,55
k7vGFfM9uV0SW,The Pointer Sisters,Pop,2017/12/30,125,189.51105000000004,67
k7vGFfMDAl7g7,ProgNation,Undefined,2018/2/17,12,32.21825935138835,0
k7vGFfMDfgPKO,Brit Floyd,Undefined,2018/3/29,84.5,83.0272811627349,0
k7vGFfMKG2J3Z,Fetty Wap,Hip-Hop/Rap,2018/1/20,35,124.708612593985,85
k7vGFfMMbb7Ch,,Undefined,2017/12/18,45,128.16929088295927,6
k7vGFfMQ-3NYz,LANCO,Rock,2018/1/25,18,31.900167149292148,69
k7vGFfMdHRBu8,,World,2017/12/16,15,119.34208068151821,2
k7vGFfMdWlQCr,Travis Greene,Religious,2018/2/22,65,93.61690273407237,59
k7vGFfMdqzaCJ,,Religious,2017/12/16,88.5,102.9588272674518,55
k7vGFfMgvw9Pe,The Bob Polding Band,Country,2017/12/15,12,16.68842857142857,0
k7vGFfR2CykQJ,Molotov,World,2018/2/18,85,176.4320141666667,70
k7vGFfRm-MNyJ,Kashmir,Rock,2018/2/17,39,74.81576776556776,50
k7vGFfRmjfKL6,,Undefined,2018/1/27,60,73.13659425094883,1
k7vGFfRnsQYyZ,A Decade of Soul,R&B,2018/2/23,20,85.24934578168897,0
k7vGFfRns_OzD,A Decade of Soul,R&B,2018/2/16,20,85.24934578168897,0
k7vGFfRnsfOz0,A Decade of Soul,R&B,2018/2/9,20,85.24934578168897,0
k7vGFfSKr6BmA,Melissa Etheridge,Rock,2017/12/16,105,123.64653006083292,56
k7vGFfSM5Wz_e,,Pop,2018/1/23,59.5,212.43296365942038,55
k7vGFfSUMp9Fk,Harlem Gospel Choir,Religious,2018/3/30,45,105.52837835820893,22
k7vGFfSmFjeKr,,Rock,2018/3/16,499.95,349.8120813804921,94
k7vGFfU9Sh03a,,Reggae,2018/1/10,20,134.39573266876425,63
k7vGFfUDWRq0I,Greg Kihn,Rock,2018/1/11,65,164.31934716825106,43
k7vGFfUEfIEke,The Harlem Blues Project,Blues,2018/3/20,15,124.29170735294116,0
k7vGFfUEfJ9A-,The Harlem Blues Project,Blues,2018/3/13,15,124.29170735294116,0
k7vGFfUMJcgPt,Pedrito Martinez,Hip-Hop/Rap,2018/2/15,15,88.52859466893642,42
k7vGFfUMJlPPN,Pedrito Martinez,Hip-Hop/Rap,2017/12/21,15,87.61603350053927,42
k7vGFfUs7sFsg,The Everyone Orchestra,Rock,2017/12/30,49.5,130.54507893548643,0
k7vGFfVCHLdk5,Walk Off the Earth,Rock,2018/3/21,55,72.42099444444445,67
k7vGFfVJjyeo3,A Celtic Christmas,Holiday,2017/12/18,59,53.6994375,0
k7vGFfVK9oVQh,,Blues,2018/3/26,62.5,130.74695833333334,32
k7vGFfVMeediq,,Pop,2018/2/8,17.5,140.94127049062047,88
k7vGFfVRILUa6,A Decade of Soul,R&B,2018/3/30,20,88.8199830787125,0
k7vGFfVRIrUav,A Decade of Soul,R&B,2018/3/23,20,88.8199830787125,0
k7vGFfVbLRFe0,The Temptations & the Four Tops,R&B,2018/3/9,109.5,115.45971401960783,0
k7vGFfVlPqfd_,,Rock,2017/12/16,28,32.31934560308973,70
k7vGFfVwxk31M,A Decade of Soul,R&B,2018/3/24,20,88.67498307871249,0
k7vGFfY22Nz9o,Slam Allen,Blues,2017/12/28,20,123.28687660406885,12
k7vGFfY22PF9R,Slam Allen,Blues,2017/12/28,20,123.28687660406885,12
k7vGFfYJtL7c3,Jeff Jensen,Blues,2017/12/28,10,46.479333333333344,25
k7vGFfYNAZU1D,,Rock,2017/12/10,85,78.89612312121213,40
k7vGFfYR_k9qw,The New York Bee Gees,Undefined,2017/12/22,35,56.41467852513239,0
k7vGFfYlCO9hu,Gene Dinapoli,Undefined,2018/1/6,22,101.47525551761886,0
k7vGFfYxTRgy6,Todd Rundgren,Rock,2017/12/9,84.5,91.89401158345508,57
k7vGFfcBg4SUM,The Chieftains,Pop,2018/3/16,99,80.61002049062049,53
k7vGFfcBssKmI,Satisfaction - International Rolling Stones Tribute Show,Undefined,2018/1/5,39,38.579639601370864,0
k7vGFfcLNIFNz,The Harlem Blues Project,Blues,2018/1/30,15,126.58602884615382,0
k7vGFfcLNrFxM,The Harlem Blues Project,Blues,2018/1/9,15,126.58602884615382,0
k7vGFfcLNxFNn,The Harlem Blues Project,Blues,2018/1/23,15,126.58602884615382,0
k7vGFfcR8B94f,A Decade of Soul,R&B,2018/1/12,20,91.0724369182046,0
k7vGFfcR8DE4Q,A Decade of Soul,R&B,2018/1/19,20,91.0724369182046,0
k7vGFfcd5o6Vk,A Decade of Soul,R&B,2017/12/23,20,84.4017709170057,0
k7vGFfcdeS95U,A Decade of Soul,R&B,2017/12/15,20,83.91555425033904,0
k7vGFfcdeV65X,A Decade of Soul,R&B,2017/12/15,20,83.91555425033904,0
k7vGFfg3Sb43G,Strawberry Fields: A Tribute to The Beatles,Undefined,2018/1/1,45,113.58515848760982,0
k7vGFfgCh-wNg,Bobby Bandiera,Rock,2017/12/16,20,25.638466751867412,3
k7vGFfgK8-6et,Pink Talking Fish,Undefined,2017/12/30,25,114.88917207266381,0
k7vGFfgLEw9kS,,Rock,2018/3/10,139.5,196.24649163961038,72
k7vGFfgLH89DD,Brockhampton,Hip-Hop/Rap,2018/2/3,35,122.42935905103671,75
k7vGFfgVHxA4i,,Rock,2018/2/8,30.5,49.4754162126715,9
k7vGFfgeN-eUU,,Undefined,2018/3/15,33.5,288.94521510385584,0
k7vGFfgiXmBwJ,,Rock,2018/1/17,16,205.17109949275357,69
k7vGFfgngAfo7,Ornament,Undefined,2017/12/16,10,33.58301858901329,4
k7vGFfiHfI6or,Rufus Wainwright,Rock,2018/1/21,69,88.58386046939941,63
k7vGFfmQTSVSr,Strawberry Fields: A Tribute to The Beatles,Undefined,2018/3/10,64,98.5104629172389,0
k7vGFfmSA3hjJ,The Harlem Blues Project,Blues,2018/2/13,15,129.45236217948718,0
k7vGFfmSA85jK,The Harlem Blues Project,Blues,2018/2/6,15,129.45236217948718,0
k7vGFfmSA8Djj,The Harlem Blues Project,Blues,2018/2/6,15,129.45236217948718,0
k7vGFfmhoD4Mu,Harlem Gospel Choir,Religious,2018/3/4,64,144.92547222222223,22
k7vGFfmqDZskj,Trans-Siberian Orchestra,World,2017/12/27,75.5,86.6889380952381,69
k7vGFfmqDv-k-,Trans-Siberian Orchestra,World,2017/12/27,75.5,86.6889380952381,69
k7vGFfs1mlbMZ,,Metal,2018/2/21,50,123.61113787296237,51
k7vGFfskBeP2K,Tower of Power,R&B,2018/1/20,149.5,137.4232234848485,55
k7vGFftRufdhF,Strawberry Fields: A Tribute to The Beatles,Undefined,2017/12/30,64,114.88917207266381,0
k7vGFftRxnJJF,Harlem Gospel Choir,Religious,2018/1/7,64,144.04666921626801,22
k7vGFfw6VIQLR,Above & Beyond,Dance/Electronic,2018/1/27,128.75,99.10359144514581,70
k7vGFfw9MnEE6,,Rock,2017/12/8,25,43.75705444748036,36
k7vGFfwD6M7Q6,Driftwood,Country,2017/12/29,14,45.160909523809515,26
k7vGFfwEAZx_A,Celtic Woman,World,2018/3/31,99,201.75326396103898,63
k7vGFfwNhe0LR,,R&B,2017/12/10,20,121.70378564122053,0
k7vGFfwNhv0Lx,,R&B,2017/12/10,20,121.70378564122053,0
k7vGFfwhYoUVx,The Musical Box,Undefined,2018/2/24,49.5,76.70559476996087,0
k7vGFfwlHd0aD,,R&B,2017/12/8,20,131.5506873015873,25
k7vGFfwmZHvC6,,Rock,2017/12/6,199.5,201.64968709189364,71
k7vGFfz3ScdY2,Timeflies,Rock,2018/3/28,30,152.52141176286304,74
k7vGFfz7nQICa,Steve Winwood,Rock,2018/3/8,129,101.39043166666666,65
k7vGFfzKykUfw,Dizzy Wright,Hip-Hop/Rap,2018/2/16,22.5,90.54912894389959,68
vv11eZvKotZ016v5,,Rock,2017/12/28,19.5,65.99339191703326,67
vv166ZAGgPEZACeu12,Boyz II Men,R&B,2018/3/23,85,90.02317166666664,73
vv16AZACA-6ZA8eGC1,Graceful Closure,Rock,2018/3/9,10,16.479144409937888,36
vv16FZAuaoMZAGFAuG,Howard Jones,Rock,2018/3/11,59.5,61.05774207152496,56
vv16FZAub7_ZA5ka6a,,Rock,2018/3/13,499.95,461.1998128102812,94
vv16dZAGa4tZAuv5u7,Oliver Dragojevic,World,2018/3/3,97,131.1636230687153,43
vv16dZAu-1vZA5vFu1,,Folk,2018/3/29,62,110.04054842637521,33
vv16kZAGUv_ZAu5Fk2,Tedeschi Trucks Band,Rock,2018/1/23,69.5,94.6241489550279,58
vv16vZAuKk8ZA5ae1v,,R&B,2018/2/17,45,41.43006868131868,56
vv170ZfSGkzeLyk5,Metal Allegiance,Metal,2018/1/25,25,30.285000000000004,30
vv170ZfUGkMyvVNd,Datsik,Dance/Electronic,2018/3/3,50,40.95897727272727,63
vv170ZfVGkMBRt8z,,Rock,2017/12/9,155,174.03604888888887,81
vv170ZfVGkY7H_N2,,Dance/Electronic,2018/2/7,34,34.8615238095238,77
vv170ZfVGknc5g5X,3 Doors Down,Rock,2018/1/26,85,65.0572908941304,76
vv170ZfsGkgXexXz,,Country,2018/1/27,47.75,199.00891845238093,70
vv170ZfwGkRxmPtP,Van Morrison,Rock,2018/2/27,253.5,159.14543039018952,77
vv170ZfwGkTLBM6r,,Rock,2018/2/3,26,29.166556234968734,66
vv177ZfMGkD0p6xt,Blackalicious,Hip-Hop/Rap,2018/1/11,18,34.69233333333334,55
vv177ZfMGkMvQWqz,,Rock,2018/3/24,23,36.005259832667335,62
vv177ZfMGkRCb0YU,,Dance/Electronic,2018/3/29,39.5,32.7803841991342,61
vv177ZfMGkwlqe1z,k.d. lang,Country,2018/3/22,73.5,56.88652669552669,58
vv177ZfUGkBIRgde,Jessica Lea Mayfield,Rock,2018/3/5,12,18.889786324786325,47
vv177ZfUGkMrCgsC,,Reggae,2018/3/3,20,21.328333333333333,62
vv177ZfUGkTzZz_M,,World,2018/1/28,15,73.52153869047618,65
vv177ZfVGkMABPnQ,The Strypes,Rock,2018/3/28,15,43.092680912128806,47
vv177ZfVGkML4MFB,,Rock,2018/3/4,32,30.026540293040288,70
vv177ZfVGkRbJyzr,Max Creek,Rock,2018/1/26,30,26.251387534622236,14
vv177ZfVGkgd4nvE,Rickie Lee Jones,Rock,2018/3/25,62.5,55.68408802308802,49
vv177ZfVGkwTU_ig,,Rock,2017/12/14,14,27.12207778243262,49
vv177ZfYGkRAZtQ1,,Rock,2017/12/19,46,48.08031597070633,63
vv177ZfgGkDN_PTN,The Devil Makes Three,Country,2018/1/20,25,26.52466666666667,61
vv177ZfgGkDQbgxX,,Rock,2018/3/16,25,37.632531702953905,61
vv177ZfsGkBVGft-,DISPATCH,Rock,2017/12/15,60.5,48.21979285714286,63
vv177ZfsGkSaGp2N,Jae Sinnett,Jazz,2017/12/9,20,50.01900654761905,2
vv177ZfsGkwBCA_8,,Jazz,2018/2/17,20,47.9896875,23
vv177ZfwGkRcKkd1,,Rock,2017/12/9,18,25.153637012987005,56
vv177ZfwGkT-X93R,,Rock,2017/12/29,35,35.07478113574378,29
vv177ZfwGkTCKPY7,,Country,2017/12/30,40,33.343222222222224,45
vv178ZfUGkB_QwvR,,Hip-Hop/Rap,2018/3/3,45,72.35484411027568,84
vv178ZfUGkMA3wuV,,Hip-Hop/Rap,2018/3/2,45,69.65534411027569,84
vv17FZfMGkUwP4JP,,Rock,2018/3/14,16,54.29991006914191,65
vv17FZfUGkU32xh5,,Jazz,2018/1/13,20,31.60172727272727,0
vv17FZfUGkXWCglg,,Undefined,2018/1/27,22,19.809180565048983,0
vv17FZfVGkSxlJl0,,Country,2018/2/22,95,98.1181746031746,82
vv17FZfYGkTVtncN,Dark Star Orchestra,Rock,2017/12/29,179,69.61858626598497,9
vv17FZfgGkRfU_Is,The Roots,Hip-Hop/Rap,2017/12/27,99.5,60.30094047619048,67
vv17FZfgGkSQpp62,Megan Betley,Rock,2017/12/29,15,24.146666666666665,0
vv17FZfgGkTp3gMr,Trapt,Rock,2017/12/15,15,35.174975396825396,67
vv17FZfgGknX9M5X,,Rock,2018/1/27,28,59.19676785714285,84
vv17FZfsGkMNs_m1,Michael Bolton,Rock,2017/12/15,79,82.4511239697028,70
vv17FZfwGkD4jFKo,,Rock,2018/1/22,35,41.48775,77
vv17GZfMGkc6wATr,,Pop,2018/3/10,77,120.93615227631886,53
vv17OZfSGkRZog4Z,Melissa Etheridge,Rock,2017/12/12,675,113.19618722222224,56
vv17OZfSGkzQEkEB,Excision,Dance/Electronic,2018/2/16,75,34.87013888888889,65
vv17OZfUGkD5fgks,,Hip-Hop/Rap,2018/2/13,15,52.28954090909091,66
vv17OZfUGkIcXIAw,Coast Modern,Alternative,2018/3/27,15,23.976444708994705,65
vv17OZfUGknxnNK5,,Hip-Hop/Rap,2018/2/27,39.5,65.0786,84
vv17OZfgGkIPTUNB,,Rock,2018/2/13,61.25,56.91658719147118,72
vv17OZfgGkRVnM3w,Godspeed You! Black Emperor,Rock,2018/3/20,25,54.961164733862624,53
vv17OZfgGklfyfGD,,Blues,2018/2/28,197.5,89.6119,44
vv17OZfsGkB-v3XQ,,R&B,2018/1/18,115,46.941673809523806,56
vv17OZfwGkVDq6dT,,Rock,2018/2/17,20,32.91508354626403,67
vv17bZfMGkBOCgKk,,Rock,2018/3/25,147,93.9908459137709,65
vv17bZfUGkBQBKN-,Ani DiFranco,Folk,2018/2/20,49.5,24.380333333333333,54
vv17bZfUGkBq4Knh,,Hip-Hop/Rap,2018/1/20,105,63.28466428571428,76
vv17bZfUGkIVGh7j,Scotty McCreery,Country,2018/1/25,2700,2416.1066666666666,66
vv17bZfUGkU8gxpw,,Metal,2018/2/7,50.5,108.23650000000002,75
vv17bZfUGkVax69S,Yonder Mountain String Band,Rock,2018/2/9,31,25.91838253968254,51
vv17bZfUGknXr9_T,Three Dog Night,Rock,2018/3/15,97,77.58667948519951,61
vv17bZfVGkDrwknS,,Pop,2017/12/13,26,76.02974393939392,55
vv17bZfsGkBqsddk,DISPATCH,Rock,2017/12/11,40,54.82769246031748,63
vv17bZfwGkMRtM_L,,Religious,2017/12/10,45,82.14395833333334,70
vv17bZfwGkRrVIML,,Rock,2017/12/9,35,46.509856137410964,74
vv17fZfMGkM3qAgv,Ty Dolla $ign,Hip-Hop/Rap,2018/2/17,25.5,56.82231060606059,93
vv17fZfSGkRd8f2B,,Dance/Electronic,2017/12/11,25,30.32907095238095,60
vv17fZfUGkTKkVye,Alex Cameron,Pop,2018/3/8,12,58.41211089015153,57
vv17fZfUGkXiJSwy,Flint Eastwood,Rock,2018/2/6,10,16.86308430540827,45
vv17fZfVGkS797Jg,Cody Johnson Band,Country,2018/1/12,20,35.220045959595964,0
vv17fZfgGkMbQNhj,,Religious,2018/2/17,68,70.98943035714285,67
vv17fZfgGkiFWQFv,Machine Gun Kelly,Hip-Hop/Rap,2017/12/22,64.5,65.39861666666667,83
vv17fZfsGkDA349i,The University Of Akron Steel Drum Band,Undefined,2018/1/28,12,30.818397448165864,0
vv17fZfwGkSebN4C,,Rock,2018/2/18,30,37.15787304565353,67
vv17fZfwGkSu5NSj,,Country,2018/2/16,52.75,69.09762293831169,70
vv17fZfwGkUTM0dG,,Rock,2017/12/12,40,69.79467334224599,60
vv17jZfUGkBcopxc,,Country,2018/2/15,99.99,54.42069102564103,74
vv17jZfVGkM4ZAly,Tedeschi Trucks Band,Rock,2018/1/26,125,101.77292722120617,58
vv17jZfxGkihw4c_,2Cellos,Classical,2018/1/24,57.5,93.9665124747475,67
vv1A6ZAG7Gkd3sP8_,Bill Anderson,Country,2018/2/16,44,43.359233459595956,40
vv1A7ZAGVGkdCqeXz,,Country,2018/2/15,147,92.38188523809524,70
vv1A7ZAGyGkdzWV8Q,,Rock,2017/12/7,225,270.97094215767714,95
vv1A7ZAu8GkesOwO9,Eric Johnson,Rock,2018/3/15,30,75.4928888888889,56
vv1A7ZAuYGkeIDN5i,,Rock,2018/1/4,10,33.39242875695733,0
vv1A7ZAu_Gkentw7R,,Rock,2018/3/9,499.95,413.85399866458863,94
vv1A8vK7yGAGcdLy,Martina McBride,Country,2017/12/20,75.5,66.08200833333333,66
vv1A8vK8OGA5bzvY,Adagio Big Band,Jazz,2017/12/16,80,59.47416666666667,0
vv1A8vKboGA2jlan,The Infamous Stringdusters,Country,2018/1/24,17.5,23.18133333333333,52
vv1A8vKpaGA2MsL6,,Hip-Hop/Rap,2018/2/8,16,26.44610714285714,41
vv1AAZAGEGkdKJpeK,Granger Smith,Country,2017/12/15,20,35.266345469289156,71
vv1AAZAGEGkdmJ6F7,Trent Tomlinson,Country,2017/12/22,6,28.30106111111111,52
vv1AAZAGEGkeH77W4,Zoso,Undefined,2018/2/3,25,29.47055116655687,0
vv1AAZAGVGkexmSSp,,Rock,2018/2/3,72,67.32769047619047,81
vv1AAZAGeGkdFlFoh,Night Ranger,Rock,2017/12/15,45,62.129478370857235,55
vv1AAZAGgGkeTlVn5,Bret Michaels,Rock,2017/12/29,85,44.97803837637459,40
vv1AAZAu-GkdqckLq,,Rock,2018/1/20,30,51.757700222403464,73
vv1AAZAu-GkdvhfOp,Home Free,Classical,2018/3/25,223,112.01669595959596,62
vv1AAZAu3Gkd_lUt2,,Country,2018/3/15,115,119.6463192881193,80
vv1AAZAu7Gkd-96mL,,Dance/Electronic,2018/2/18,25,26.975357142857142,65
vv1AAZAu9GkdQfgaq,,Hip-Hop/Rap,2017/12/7,37.5,50.972199999999994,75
vv1AAZAu9Gkdk07or,,Rock,2018/1/31,15,33.11026129305477,52
vv1AAZAuAGkegR0tf,,Dance/Electronic,2018/2/15,37.5,34.50209848484849,65
vv1AAZAuEGkdf1giV,courtship.,Rock,2018/1/5,8,40.31619336924894,53
vv1AAZAuFGkdUDV8D,Marty Stuart,Country,2017/12/15,35,47.313472222222224,50
vv1AAZAuIGke-MNyU,,Undefined,2017/12/31,65,46.627250000000004,0
vv1AAZAuKGkdGEU4p,,Undefined,2018/3/2,15,27.6188483974359,0
vv1AAZAuUGkdmokph,Nick Costa,Undefined,2018/1/12,25,27.034250553755925,0
vv1AAZAuaGkdFnV6e,St. Vincent,Rock,2018/1/10,33.5,46.16449295589533,71
vv1AAZAudGkdxZa8P,,Reggae,2018/1/20,18,20.228066666666667,59
vv1AAZAufGkdHObtr,Brockhampton,Hip-Hop/Rap,2018/2/10,35,64.340225,75
vv1AAZAusGkdLJMvd,Fetty Wap,Hip-Hop/Rap,2018/1/26,37.5,64.44853611111111,85
vv1AAZAuwGkd8_0CU,Big K.R.I.T.,Hip-Hop/Rap,2018/3/18,23.5,62.40299999999999,73
vv1AFZACAGkeODeo_,Steve Winwood,Rock,2018/2/26,199.5,61.82904878003004,65
vv1AFZACeGkdFxV88,,R&B,2018/2/9,125,79.82108333333333,62
vv1AFZACvGkdR-UI4,,Rock,2018/2/20,25,52.33806167685543,62
vv1AFZAGwGkdWpkI5,George Winston,New Age,2017/12/16,55,79.38327222222222,61
vv1AFZAu-Gkd024gm,,Rock,2018/2/10,35,32.069511324041805,54
vv1AFZAuAGkdNfAjF,,Rock,2018/1/31,25,48.00685744810744,60
vv1AFZAuAGkduxf0L,,Rock,2018/2/2,49.5,44.73250133468851,60
vv1AFZAuAGkeEtKf_,NF,Hip-Hop/Rap,2018/2/5,52.5,84.51252546296296,90
vv1AFZAuEGkenLwYq,Watain,Metal,2018/2/28,25,33.706746031746036,45
vv1AFZAuNGkdKefYg,,Undefined,2018/2/2,65,47.53291666666667,70
vv1AFZAukGkdjC4Jm,,Hip-Hop/Rap,2017/12/21,125,65.0291634920635,61
vv1AFZAuoGkdw8g06,,Country,2018/2/22,120,101.85491666666667,80
vv1AOvK4yGAGlKay,,Rock,2017/12/7,35,42.481738095238086,77
vv1AOvK7FGACPeVJ,Trans-Siberian Orchestra,World,2017/12/15,74.5,93.51268682359309,69
vv1AOvKobGA5KwKg,Cabinet,Folk,2017/12/31,20,29.60409090909091,36
vv1AaZAGVGkdihkU2,Ambrosia,Rock,2017/12/9,38,81.96521630591629,53
vv1AaZAu9GkdDNEdc,,Rock,2018/3/2,504.95,505.08612483660085,94
vv1AaZAu9GkdhzJ73,Superchunk,Rock,2018/2/23,25,31.08391052318052,46
vv1AaZAu9GkdxUJ37,,Metal,2018/2/9,35,37.59793095238095,75
vv1AaZAuaGkdaLbIc,,Dance/Electronic,2017/12/9,49.5,50.96561904761905,69
vv1AaZAufGkdrkUDX,Smash Mouth,Rock,2017/12/23,48,67.47822018262504,73
vv1AeZACvGkdN21E7,Kung Fu,Rock,2018/1/20,15,36.283255905324,39
vv1AeZAG6GkdE0PQH,Dark Star Orchestra,Rock,2017/12/29,279,69.61858626598497,9
vv1AeZAGIGkd0Qa_n,Abba Mania,Undefined,2018/1/26,59,42.01243174588983,0
vv1AeZAGPGkdNR6qU,Get the Led Out,Undefined,2017/12/31,45,27.488333333333333,0
vv1AeZAGPGkesVf0h,,Undefined,2017/12/29,22,16.65246212121212,0
vv1AeZAasGkdZRBX_,,Rock,2017/12/9,25,72.92519126213263,62
vv1AeZAu7Gkex0NDH,,Rock,2018/2/14,60,48.454813249959074,63
vv1AeZAu8GkdYDkNl,John Gorka,Country,2018/3/30,24,26.98012121212121,34
vv1AeZAu8Gkdc3kry,The White Panda,Dance/Electronic,2017/12/26,20,24.806841507177033,55
vv1AeZAu9Gkdimknt,,Rock,2018/3/9,140,148.69908513888888,72
vv1AeZAuAGkdR69Hx,,Rock,2017/12/8,15,52.10641067074688,39
vv1AeZAuJGkeMo0hj,DigiTour,Rock,2018/1/6,25,36.473007015207024,0
vv1AeZAuNGkeNx9BG,Missio,Rock,2018/3/4,15,29.265901275089433,61
vv1AeZAu_GkeIodg9,,Rock,2018/3/21,499.95,398.18954485973336,94
vv1AeZAudGkeR27i0,,Hip-Hop/Rap,2018/1/14,82,61.75101041666667,61
vv1AeZAugGkdp3p-x,,Dance/Electronic,2018/3/24,20,25.964314992025514,47
vv1AeZAusGkd6RyGH,,Rock,2018/1/17,36,36.92661965787836,26
vv1AeZAusGkdqR16F,,R&B,2018/2/9,59,105.82862261904762,71
vv1AeZAutGkdRiF9v,Youngr,Pop,2018/2/11,15,47.40699722222222,57
vv1AkZAGJGkec87kk,,Rock,2017/12/8,27.5,26.581738352007477,67
vv1AkZAGSGkd2MVj0,,Rock,2018/1/25,125,61.00226319375069,56
vv1AkZAGSGkdeHSsZ,Celebrating David Bowie,Undefined,2018/2/21,196,284.75511877466704,0
vv1AkZAGVGkeHzUC5,,Rock,2018/2/8,72,92.94221428571431,81
vv1AkZAGVGkeYUKMY,,Rock,2018/1/27,73,77.53843181818182,81
vv1AkZAGgGkdQNEhM,Nothing More,Rock,2018/2/11,20,28.01840701415702,67
vv1AkZAGyGkeTw9wq,21 Savage,Hip-Hop/Rap,2017/12/9,39.5,127.76314047619047,98
vv1AkZAu-GkdqyJxr,Lee Brice,Country,2018/2/9,63,84.58452172619045,73
vv1AkZAu7GkenCdjD,NF,Hip-Hop/Rap,2018/3/1,27.5,98.6496499928775,90
vv1AkZAuIGkdEXJwZ,,Metal,2018/2/17,69.5,43.07542619047619,70
vv1AkZAuIGke-KKxP,Hairball,Rock,2018/1/19,19,65.61913731823732,2
vv1AkZAuYGkd-HFa1,Keys N Krates,Rock,2018/2/3,26,27.489380952380948,62
vv1AkZAuYGkey0PU0,,Rock,2018/3/28,72,51.04415388198758,53
vv1AkZAudGkezH715,,Reggae,2018/1/24,21,22.696547619047614,65
vv1AkZAufGkemW6Wy,Chicago,Rock,2018/3/9,132,124.31694831456456,72
vv1AkZAusGkd5izjB,Hairball,Rock,2018/3/2,18,77.90211600588952,2
vv1AvZACdGkdKbSIc,,Rock,2018/3/16,75,82.70093394607844,70
vv1AvZACvGkeDgUiw,Timeflies,Rock,2018/3/31,50,68.53289839285713,74
vv1AvZAG3Gke0hfFh,Pentatonix,Rock,2017/12/13,149.5,167.26628252164505,86
vv1AvZAG4GkdVWD__,,Rock,2017/12/8,20,31.449096088614738,59
vv1AvZAGFGkdfoAsd,Satisfaction - International Rolling Stones Tribute Show,Undefined,2018/1/20,28,32.1667050721542,0
vv1AvZAGIGkdNgMkl,Tusk,Undefined,2017/12/29,28.5,30.744130952380953,46
vv1AvZAGJGkewFVlN,,Rock,2017/12/21,28.5,40.739870624385986,67
vv1AvZAGUGkd4-zBK,,Folk,2018/3/10,25,31.172321428571426,67
vv1AvZAu3Gkd5uIS7,Rhye,Rock,2018/2/28,25,45.97345756630095,67
vv1AvZAuAGkdhZ4aW,,Dance/Electronic,2018/3/2,18,24.237833333333338,66
vv1AvZAuKGkdgapiO,Peter Perrett,Rock,2018/3/3,25,27.5475,36
vv1AvZAuYGkdKlIge,,Pop,2018/2/22,18,31.02832142857143,78
vv1AvZAu_Gkd5CAiM,,Rock,2018/2/20,51.25,58.10405549053322,72
vv1AvZAubGkdqxU0m,,Rock,2018/1/28,20,42.597116666666665,70
vv1AvZAueGkd1TPSJ,,Rock,2017/12/10,251,205.42935972222222,86
vv1AvZAuoGkdMoJs9,,Dance/Electronic,2018/2/3,16,41.914338095238094,48
vv1AvZAusGkdSMlo9,Romeo Santos,World,2018/3/7,101.5,140.29590384615386,86
vv1AvZAusGkdrbQG7,Nightmares On Wax,Dance/Electronic,2018/3/12,20,27.981702380952385,63
vv1AvZAutGkeITK11,Maluma,World,2018/3/24,140.5,163.4308205128205,92
vv1FbZfsx8qNZd8ev,,Religious,2017/12/8,75,72.5257,70
vv1aFZAGVueawZe8u,,Metal,2018/1/18,54.5,34.05048571428571,68
vv1aaZAuAvpk9Ze2a,NF,Hip-Hop/Rap,2018/3/7,30,62.650127046783616,90
vv1aaZAubPPOJZeGd,Engelbert Humperdinck,Pop,2018/2/16,85,54.47001014748538,61
vv1k8ZfVCkG7msF7,Isley Brothers,R&B,2018/1/20,79,111.9211875,68
vv1kFZfz1KG7yNUb,,Hip-Hop/Rap,2018/2/28,30,81.63537546296294,87
vv1kOZfgfEG7T6Cu,,Dance/Electronic,2017/12/29,65,46.79535119047618,65
vv1kOZfs78G7lUN3,Todd Rundgren,Rock,2017/12/12,75,61.38869619578133,57
vv1kbZfS_MG7ms4e,,Country,2017/12/29,60,98.37700000000001,65
vv1ke8vK1dGAGxlOM,Van Morrison,Rock,2018/2/26,259.75,177.10541761241177,77
vv1ke8vKo_GAGqepZ,,Rock,2017/12/15,20,34.44791927963588,57
vv1keZvKG-GA2_9GX,,Performance Art,2018/1/14,21,25.32357142857143,39
vv1keZvKayGAC2xwJ,,Country,2018/3/22,75,69.46681601731602,70
vv1keZvKfeGACfzhH,Pat Benatar & Neil Giraldo,Rock,2018/3/31,79,52.98072146087954,14
vv1keZvKfvGA2_F3S,3 Doors Down,Rock,2018/2/11,55,75.52265277777776,76
vv1kfZfgrkG7w-sl,,Dance/Electronic,2017/12/13,39.97,64.63735153846156,85
vv1kv8vKZyGA1DfTJ,,Blues,2018/1/10,49,48.48318080808082,53
vv1kvOvK8IGA5sx3v,P!NK,Rock,2018/3/14,294.95,256.8663338618584,89
vv1kvOvKQFGA5pxoC,Dan + Shay,Country,2018/2/23,100,66.06341650183148,72
vv1kvOvK_yGA153dr,Sylvan Esso,Dance/Electronic,2018/3/27,27,34.35453787878788,68
vvG10Zfm9QwW1d,,Hip-Hop/Rap,2017/12/21,235,193.25445404040406,85
vvG10ZfmSGMaVT,Intocable,World,2017/12/8,100,107.68526507936507,72
vvG17Zfi50nFlw,Whiskey Rebellion,Country,2018/1/26,35,31.948661255411263,11
vvG17Zfi6qFfZm,Cecile McLorin Salvant,Rock,2018/2/24,45,35.854421417589506,50
vvG17ZflT3kN0d,Moondance: the Ultimate Van Morrison Tribute Concert,Undefined,2018/1/20,35,30.719071738820865,0
vvG17ZflemzBSV,Banda Magda,Rock,2017/12/7,45,41.01333016456582,31
vvG17ZfmmUNgkq,The Chieftains,Pop,2018/3/18,77,69.2529984126984,53
vvG18ZfiN33SUI,Nightwish,Metal,2018/3/31,55,72.87082142857143,69
vvG18ZfmQpp3dW,Steven Curtis Chapman,Rock,2017/12/8,209.99,115.31418682815735,59
vvG1FZfRJPTPkN,,Rock,2017/12/10,16,33.946104166666665,56
vvG1FZfc2gaFVb,,Country,2018/1/20,20,62.14370527805528,72
vvG1FZfcdIXtn_,LCD Soundsystem,Rock,2017/12/7,56.25,195.44518551587302,71
vvG1FZflrt6xYG,Montana Wildaxe,Rock,2017/12/23,20,22.226999999999997,0
vvG1FZfmnKaK3d,,Rock,2017/12/8,18,63.96807716234352,53
vvG1GZfRPhNZnD,Prairie Home Companion,Folk,2017/12/9,64,112.75166905813354,0
vvG1GZfRZbcxeO,The Klezmatics,Jazz,2018/1/20,67,105.57366454203691,33
vvG1GZfnKuYxLz,Turetsky Choir,Classical,2018/1/27,225,121.60243510334735,4
vvG1HZfSUe-39E,,Country,2018/2/3,77.75,1227.3022727272726,72
vvG1IZfUhcFx7H,,Rock,2018/3/7,20,41.39997844932846,74
vvG1IZfUkNUo8M,,Rock,2018/3/22,10,23.913961507936506,45
vvG1IZfV9RM778,,World,2018/2/15,85,94.33438029878616,64
vvG1IZfg3XdxTV,Natalia Jimenez,World,2017/12/13,75,64.10287775974025,64
vvG1IZfgRqbS2V,Andy Grammer,Rock,2018/3/17,55,64.67368387987011,76
vvG1IZfsMA7Vor,,Country,2017/12/9,15,43.55224444444444,61
vvG1IZfwrTWeNV,,Rock,2018/3/31,55,37.36307736707736,64
vvG1OZfRC__3V0,Amy Grant & Michael W. Smith,Rock,2017/12/10,125,75.59376708437762,0
vvG1OZfRloBgxQ,,Jazz,2017/12/6,50,57.624,57
vvG1OZfc9fpNvA,,Country,2018/1/27,59.5,53.526978354978354,72
vvG1OZflN3adib,Celtic Thunder,World,2017/12/6,50,66.61848095238095,57
vvG1VZfMDoTHKn,Phillip Phillips,Rock,2018/3/3,25.5,35.93516906426906,67
vvG1VZfME8s_zL,Sponge,Rock,2018/2/16,17,75.35528697691197,49
vvG1VZfME8yyzN,L.A. Guns,Rock,2018/2/9,20,75.35528697691197,49
vvG1VZfMQ-LtOK,Bob James,Jazz,2018/2/23,175,128.18016666666657,48
vvG1VZfMQDT1dl,Hippie Sabotage,Dance/Electronic,2017/12/28,25,47.04668253968254,72
vvG1VZfMpne1vS,Betty Who,Rock,2018/3/30,20,26.059116071428566,71
vvG1VZfRRQp5sS,,Rock,2017/12/21,27,40.9772741140372,49
vvG1VZfU0hRr6q,L.A. Guns,Rock,2018/2/17,20,37.648087000777,49
vvG1VZfUB_t_Vv,,Rock,2018/2/10,25,81.58939935064933,74
vvG1VZfUN2E5om,,Hip-Hop/Rap,2018/1/14,37.5,45.43376865079365,83
vvG1VZfUTFt1fe,Dorothy,Rock,2018/1/23,16.5,98.57328610533608,63
vvG1VZfUxHEQVx,Ebi,World,2018/2/3,250,150.7731409090909,46
vvG1VZfVEnDDNu,,Rock,2018/1/26,31.5,34.6384657142857,62
vvG1VZfVErF520,,Dance/Electronic,2018/1/28,127.5,140.4220238095238,77
vvG1VZfVH4d5Xt,Nahko,Rock,2018/3/17,25,37.02011155511156,57
vvG1VZfVmh2BGm,Robin Trower,Rock,2018/3/7,57.5,53.06635368686868,51
vvG1VZfVpHfQOB,,Rock,2017/12/16,151,206.76575546842048,85
vvG1VZfYTBQcVL,Trans-Siberian Orchestra,World,2017/12/17,72.25,90.56305952380951,69
vvG1VZfYkgC5NE,Doo Wop Extravaganza,Rock,2018/2/24,70.75,59.90089594738594,0
vvG1VZfc6uCaFQ,Andrea McArdle,Undefined,2018/2/28,49,44.41403568376069,43
vvG1VZfg9PbBLK,The Irish Rovers,Rock,2018/3/15,43,48.66595411255411,54
vvG1VZfgel6i21,,Rock,2018/3/31,146.2,401.1271938784923,94
vvG1VZfggaulwX,They Might Be Giants,Rock,2018/1/26,27.5,30.207314088977466,59
vvG1VZflQjstFT,Darlene Love,Rock,2018/1/20,57.5,45.66451,67
vvG1VZfnx0VbeI,Take Me To the River Live,Rock,2018/2/3,88.5,62.25297928071927,0
vvG1VZfsDEjHbi,Squirrel Nut Zippers,Rock,2017/12/9,22,33.43928409588838,46
vvG1VZfsdrFDie,The Fab Faux,Undefined,2018/3/2,121.5,74.76517222222222,1
vvG1VZfzKBlj52,Fleet Foxes,Rock,2018/3/1,55,112.5073761111111,73
vvG1YZfEkzwJn3,Paul Anka,Pop,2018/2/12,169,99.07486327533577,65
vvG1YZfMwLCeuZ,,Rock,2018/1/27,95,81.52083928571429,84
vvG1YZfS7klA82,,Country,2017/12/29,97.5,75.24766691502938,54
vvG1YZfU1ZA-Yq,Home Free,Classical,2018/3/10,77,115.65809285714283,62
vvG1YZfUBCVxoo,,Rock,2018/3/2,30,54.381902380952376,50
vvG1YZfUL0rPVK,,R&B,2018/1/18,49.5,100.21746071428572,62
vvG1YZfUU7UvwT,Justin Furstenfeld,Rock,2018/2/15,49.5,62.74454851522747,41
vvG1YZfUX2Oe2_,Chris Stapleton,Country,2018/3/17,151,113.40326571428574,80
vvG1YZfUuvl9_j,DVSN,R&B,2018/2/5,35,72.77023333333332,78
vvG1YZfgbv6fBy,,Country,2018/2/17,112,105.71237055555557,80
vvG1YZfiThT7aA,Chris Young,Country,2017/12/9,55,99.8428723740511,77
vvG1YZfmQpisIR,,Rock,2017/12/12,99,92.89762838265004,55
vvG1YZfnJ5DvI7,,Rock,2018/1/14,200.5,171.1368484503707,89
vvG1YZfzGNrYrD,,Hip-Hop/Rap,2018/3/9,45,87.24792750974659,87
vvG1bZfcnP-g_S,,Religious,2017/12/10,100,85.43680649350648,65
vvG1bZfcpa4-Ok,,Country,2018/1/25,20,68.20665111111111,72
vvG1bZfiM5NfUf,,Rock,2018/3/24,96.5,171.25568262167002,87
vvG1fZfR00waYV,Trans-Siberian Orchestra,World,2017/12/20,87,85.31410117813473,69
vvG1fZfR2cF_9-,Columbus Jazz Orchestra,Jazz,2018/2/18,71,67.56380555555556,1
vvG1fZfR2ck_92,Columbus Jazz Orchestra,Jazz,2018/2/15,71,67.98835096153846,1
vvG1fZfR9IFauC,,Rock,2017/12/15,128,86.72064635617652,59
vvG1fZfRTGnJOf,Ball State University Jazz Ensembles,Jazz,2017/12/16,10,16.273666666666667,0
vvG1fZfRtBE3ek,,World,2017/12/7,23,25.158745098039216,43
vvG1fZfihlxf6p,The Chieftains,Pop,2018/3/4,46,64.2898373015873,53
vvG1fZfnYOEE1e,Straight No Chaser,Rock,2017/12/16,79.5,79.10378700234321,65
vvG1iZf0RROKex,Michael Feinstein,Pop,2017/12/8,98,73.65514205738705,31
vvG1iZfEh9Gdwv,Don McLean,Rock,2018/3/3,78,75.68573775193276,66
vvG1iZfR6xaxtv,Todd Rundgren,Rock,2017/12/31,88,83.95854567630082,57
vvG1iZfRSylE08,,Undefined,2017/12/13,89,42.882439047619044,0
vvG1iZfVwmgNhi,Styx,Rock,2018/1/28,118,105.940815011115,65
vvG1iZfgKSFVdq,Natalia Jimenez,World,2017/12/7,65,57.451179105090304,64
vvG1iZfsM1cp_z,The Dramatics featuring Willie Ford,R&B,2017/12/30,78,65.28705263157893,0
vvG1zZKmJ8oKbb,Janet Jackson,Rock,2017/12/17,650,349.8360168650794,71
vvG1zZfM6RqMsk,On the Border,Undefined,2018/1/26,10,27.263136192754608,0
vvG1zZfM9kmzmg,,Rock,2018/3/27,33.6,27.872188427067883,65
vvG1zZfMBJ44p0,,Metal,2018/2/16,13,24.0605,55
vvG1zZfMD5X9E5,Travis Tritt,Country,2018/1/6,75,86.9305961309524,66
vvG1zZfMDusMsK,The Marshall Tucker Band,Rock,2018/2/17,25,34.44955860639361,60
vvG1zZfMFYpkf_,Patti LaBelle,R&B,2018/3/23,125,118.56203333333332,58
vvG1zZfMQFFxdo,,Rock,2018/3/19,65.5,64.97134504830916,76
vvG1zZfMSBvEPL,,Rock,2018/3/10,16,55.52844405032463,65
vvG1zZfMUUn7Yu,,Religious,2018/3/30,80,49.206064285714284,58
vvG1zZfMVPryhQ,,Rock,2018/3/20,25,37.142324212184874,62
vvG1zZfMeECVRT,Iced Earth,Metal,2018/3/17,25,29.229249999999997,57
vvG1zZfMeQeVGO,Jack Harlow,Hip-Hop/Rap,2018/1/13,15,50.321488095238095,52
vvG1zZfMeQi0Co,,Undefined,2018/3/22,60,31.49704681013431,0
vvG1zZfMfb0nWg,Fetty Wap,Hip-Hop/Rap,2018/2/18,35,61.310066666666664,85
vvG1zZfMk493Ur,Dariush,World,2018/2/17,130,79.75091010101009,42
vvG1zZfMkck7V0,,Hip-Hop/Rap,2018/3/25,29.5,58.76525833333332,73
vvG1zZfMpHjb96,Trey Anastasio,Rock,2018/2/16,106.41,52.58214696969697,45
vvG1zZfRyCWHWJ,Hippie Sabotage,Dance/Electronic,2017/12/30,50,48.51840476190477,72
vvG1zZfS6YX7xL,,Rock,2018/1/20,96.5,53.10967792207791,58
vvG1zZfU08hz4R,,Rock,2018/1/19,45,33.42387872645071,51
vvG1zZfU1q7dxA,,Metal,2018/3/23,22.5,28.712666666666667,45
vvG1zZfUE7gVUf,,Rock,2018/3/14,35,42.43333929749376,64
vvG1zZfUGkHjRK,Looming,Alternative,2018/1/20,10,20.21205555555556,31
vvG1zZfUJfWwBP,Ricardo Montaner,World,2018/3/3,182,155.95846188186815,73
vvG1zZfUMkNAHm,Ryan Buck,Metal,2017/12/22,8,27.10667857142857,2
vvG1zZfUR__fw0,Jackyl,Rock,2018/1/20,22.5,36.41315236997046,47
vvG1zZfUh0FIPW,Sylvan Esso,Dance/Electronic,2018/3/17,30,40.92375,68
vvG1zZfUrUuSRR,AJR,Pop,2018/2/9,21,31.988816666666672,76
vvG1zZfUsa5z5n,Trial By Fire,Rock,2018/1/12,10,46.66137603217781,3
vvG1zZfV73tDfJ,,Rock,2018/2/2,27.5,37.570823782381574,50
vvG1zZfV8SFjF9,,Rock,2018/2/10,60,69.26750809233351,63
vvG1zZfV8SOjak,,Rock,2018/2/11,60,78.78365248933143,63
vvG1zZfVJbufvz,,Dance/Electronic,2018/1/26,56.5,42.65644523809524,77
vvG1zZfVRyVQ-t,The Avett Brothers,Country,2018/3/16,47.5,45.75310732323233,69
vvG1zZfVjQBHeW,,Undefined,2018/2/23,15,23.130484126984125,0
vvG1zZfY7kPWC6,,Blues,2018/1/22,155,79.14266666666667,53
vvG1zZfYBM3PJJ,,Country,2018/2/10,56.75,66.34888567460317,70
vvG1zZfcKvuKsa,,Country,2018/2/10,30,55.35153787878787,72
vvG1zZfg3E97z1,,Country,2018/3/10,112,93.39364285714286,80
vvG1zZfg6lpzOy,Above & Beyond,Dance/Electronic,2018/3/18,30,45.47095658263305,70
vvG1zZfgCNjKTr,,Metal,2018/1/17,25,24.843305555555553,58
vvG1zZfgDOuJ4M,The Devil Makes Three,Country,2018/2/3,35,40.430108838383845,61
vvG1zZfgDs1kYG,flor,Rock,2018/2/23,13,43.728339544150984,64
vvG1zZfgJQgKqX,,Metal,2018/3/11,29,37.48757142857143,75
vvG1zZfgTglVIi,St. Vincent,Rock,2018/3/1,36,44.98440710569625,71
vvG1zZfglCpEQA,Rapsody,Hip-Hop/Rap,2017/12/13,15,61.847028571428574,64
vvG1zZfiLg0ptC,Gregory Porter,Jazz,2018/3/4,103.38,98.2620502380952,69
vvG1zZfiwEX0TP,Nightwish,Metal,2018/3/10,45,68.43914285714287,69
vvG1zZflTovSky,Kansas,Rock,2017/12/13,99.65,102.90104942810454,70
vvG1zZfs1bdPva,Air Supply,Pop,2018/2/2,117.15,53.542436720142604,71
vvG1zZfs5zfrP_,The Revivalists,Rock,2017/12/15,27.5,48.65744998366013,68
vvG1zZfsMaMM75,,R&B,2017/12/15,101,81.91722666666666,50
vvG1zZfsTgSW5A,JJ Grey & Mofro,Rock,2017/12/31,42.5,61.34633587482482,54
vvG1zZfsrs860X,Omid,World,2017/12/9,67,72.704,31
vvG1zZfw9209xE,,Rock,2018/2/28,85.5,66.76758901051527,74
vvG1zZfwR6FV5R,Celtic Woman,World,2018/3/14,99,92.94898069985571,63
vvG1zZfwTbMbjN,,Hip-Hop/Rap,2017/12/7,87,76.53331904761906,61
vvG1zZfwrBp0qx,Smith & Myers,Folk,2017/12/12,29.5,52.92129761904761,39
vvG1zZfwxDC7cx,Smith & Myers,Folk,2017/12/9,55,50.846714285714285,39
vvG1zZfwxP4dNw,,Rock,2018/2/15,18,49.77023472813367,62
vvG1zZfz6AAUjA,,Hip-Hop/Rap,2018/3/6,27.5,77.50029788359788,87
11A8vKGOJ8pbv8,Janis Ian,Rock,2018/4/28,45,44.494858322351405,46
16xZAGJP9ZAuakC5,House of Blues Gospel Brunch,Religious,2018/6/17,43,42.86132222222223,0
16xZAGJPbZAGak2k,House of Blues Gospel Brunch,Religious,2018/7/15,43,42.591322222222225,0
17AOv3G6GXXEAKN,Glen Burtnik’s Summer of Love,Rock,2018/4/28,55.25,53.577090384615374,0
17FOv3G6CR8wbNm,Jarrod Lawson,R&B,2018/4/21,29,59.18410119047619,37
1A4ZAC7GkdkQN-e,Ronnie Milsap,Country,2018/4/5,59.5,51.48974891774891,55
1A9ZAu-Gkdl6K-R,Aaron Lewis,Country,2018/4/13,59.63,62.00876726190481,63
1A9ZAuAGkdM40yL,Purple Reign - Prince Tribute,Undefined,2018/4/21,82.49,72.12752102797462,0
1A9ZAuAGkdM60Mq,Purple Reign - Prince Tribute,Undefined,2018/4/4,82.49,72.0728482156656,0
1A9ZAuAGkdMffyq,Purple Reign - Prince Tribute,Undefined,2018/4/20,82.49,71.44328413862637,0
1A9ZAuAGkdMuVMz,Purple Reign - Prince Tribute,Undefined,2018/4/12,82.49,71.23520913862637,0
1AOZAugGkemdb1E,Jon Pardi,Country,2018/4/19,32,69.73334958887116,76
1AOZAuoGkdGNzeY,Judas Priest,Metal,2018/4/26,125,176.06345833333333,70
1A_ZAu9GkdE53ph,,Rock,2018/6/7,144.75,221.91319952380957,95
1A_ZAuJGkdUYScR,,Country,2018/7/20,114.75,363.1084819841271,79
1Ad0ZfVGkS2CkpC,,Pop,2018/4/20,108.99,122.22370671948329,0
1Ad0ZfVGkSoZpql,,Pop,2018/4/9,108.99,129.41983962089827,0
1AeFZfgGkRrFnh9,,Country,2018/4/20,94.25,97.85295138540798,83
1ApZAuNGkdPc9G7,Buddy Guy,Blues,2018/4/11,53,98.97410000000002,59
1ApZAuVGkdyKUhu,,Rock,2018/4/7,34,32.14346309523808,65
1AvbZfVGkRIK0zj,,Country,2018/4/21,56.75,139.03097678571427,75
1AvbZfVGkSBPMgC,,Country,2018/4/19,59.75,84.65285476190476,75
1AvbZfVGkc2y66a,,Country,2018/4/26,56.75,103.22820013227509,75
1AvbZfYGkDGedLv,Shania Twain,Country,2018/7/17,152.25,169.6992666666667,76
1AvbZfYGkSrV06H,Shania Twain,Country,2018/7/20,154.95,135.99633333333333,76
1AvbZfgGkXDIerw,,Folk,2018/4/17,26,41.1183,62
1AvfZfMGkwzP-MR,Taylor Swift,Rock,2018/7/10,1495,346.74780568553746,95
1AvfZfVGkSshAeg,Madeleine Peyroux,Jazz,2018/5/3,50.5,55.25389166666667,66
1AvjZfSGkRA8xHb,Santana,Rock,2018/5/20,350,295.343010597166,74
1AvjZfSGkRApxHN,Santana,Rock,2018/5/27,350,295.343010597166,74
1AxZAufGkdAD__x,Tommy Emmanuel,Jazz,2018/4/7,63,54.43704600815851,53
1AxZAusGkdMxD3v,,Blues,2018/4/6,49.5,93.4446875,59
1AyZAG4GkdUPd0G,Jennifer Lopez,World,2018/4/21,259,268.5472456147312,82
1AyZAG4GkdUYK0N,Jennifer Lopez,World,2018/6/1,229,255.52230648244102,82
1AyZAG4GkdUiN0b,Jennifer Lopez,World,2018/5/26,259,273.68397744825705,82
1AyZAG4GkdUjKNH,Jennifer Lopez,World,2018/4/6,229,261.05548720939385,82
1AyZAG4GkdUrS0Z,Jennifer Lopez,World,2018/4/11,229,250.22492725180757,82
1AyZAGVGkd9TVDi,Wayne Newton,Pop,2018/4/10,178,139.44030671880094,48
1AyZAGVGkdbv7DR,Wayne Newton,Pop,2018/4/11,178,137.11520671880095,48
1AyZAu_GkdkMMGb,Pitbull,Pop,2018/5/12,169,204.915175093795,87
1AyZAu_GkdkR9GG,Pitbull,Pop,2018/4/28,169,209.55797549062044,87
1AyZAu_GkdkU9Gp,Pitbull,Pop,2018/5/11,159,204.77322271284268,87
1axZAGJPEQkZeCF,House of Blues Gospel Brunch,Religious,2018/5/6,43,42.12565555555555,0
G5dIZfM3jSw87,,World,2018/5/4,350,275.41343162393156,82
G5dIZfU3rOx_j,,Rock,2018/4/24,75,83.19437417582417,78
G5dIZfUnFcdmL,Maluma,World,2018/4/22,150.5,164.14978479853482,92
G5dIZfwyypspE,Celtic Woman,World,2018/5/5,115,135.16961666666668,63
G5dIZfzktqfk1,,Rock,2018/5/12,55.5,85.70764047619048,80
G5diZfV2jrwg8,,Rock,2018/4/4,327.45,263.69301957680136,89
G5diZfV3xwoDD,Sam Smith,Rock,2018/6/29,125,218.951315,97
G5diZfzFDE7o1,Jackson Browne,Rock,2018/5/18,159.5,160.29201785714287,69
G5vVZfUOKf3mh,Frankie Valli,Rock,2018/4/14,35,61.52479460784312,62
G5vVZfUncN3HN,,Rock,2018/6/27,123.5,143.05397515262516,66
G5vVZfY2AdK01,The Everly Brothers Experience,Undefined,2018/5/6,35,47.62029053030303,0
G5vVZfgTSdwZC,,Rock,2018/7/18,150,211.29492499999998,78
G5vYZfV1srg-9,P!NK,Rock,2018/5/22,204.45,225.35439576662012,89
G5vYZfcL5OIGu,Boz Scaggs,Rock,2018/4/5,115,75.95725490549816,62
G5vYZfg-aHnIu,U2,Rock,2018/5/7,325,351.6080066666667,85
G5vYZfgEcx6sJ,,Rock,2018/6/1,149.5,176.1029420996788,95
G5vYZfiQA5-Ok,,Rock,2018/5/29,150,107.01679999999999,65
G5viZfM3hQwBa,,Country,2018/4/20,57,87.67142615452772,77
G5viZfMKkUp27,,Rock,2018/4/10,139.75,107.35114801461127,69
G5viZfMQOj09V,Big K.R.I.T.,Hip-Hop/Rap,2018/4/11,65,62.560999999999986,73
G5viZfMp_0VJt,Eagles,Rock,2018/6/20,396.5,281.3289496124031,79
G5viZfS2__0vb,Celtic Woman,World,2018/5/2,101,89.48984426406925,63
G5viZfUkHSpt2,Home Free,Classical,2018/4/6,49.5,105.74634686274509,62
G5viZfUkuYeFG,U2,Rock,2018/5/26,325,261.4106612790697,85
G5viZfYDoEVP_,Shania Twain,Country,2018/6/12,174.8,164.84457806267818,76
G5viZfg282EPh,Foo Fighters,Rock,2018/4/22,89,113.35812719298247,84
G5viZfgE-W99X,The Piano Guys,Classical,2018/4/25,89.5,102.17927809523806,73
G5viZfiL087LP,,Rock,2018/5/11,149,122.3140398989899,51
G5viZfzKk1_P4,Fleet Foxes,Rock,2018/5/21,85,191.74441249999995,73
G5vzZfM65w3Zn,Kansas,Rock,2018/7/20,225,130.15747777777776,70
k7v16AugZ6-SZeuA,Keiko Matsui,New Age,2018/5/6,69.5,148.55507500000002,51
k7v17fUG_G7g_Rz,Strawberry Fields: A Tribute to The Beatles,Undefined,2018/5/19,64,101.85758578494031,0
k7vGFfMBWOfNZ,Brian Culbertson,Jazz,2018/4/5,79.5,99.01928333333328,52
k7vGFfMMKq76J,Taylor Swift,Rock,2018/7/20,1500,634.3831753801873,95
k7vGFfMSGxewN,,Rock,2018/4/5,20,139.55799049295777,57
k7vGFfMSn9luK,Dweezil Zappa,Rock,2018/4/27,85,70.52549976190477,28
k7vGFfMhAuPxM,Luciano Pereyra,World,2018/4/8,79.5,157.3216666666667,68
k7vGFfMloyfDR,Protest the Hero,Rock,2018/4/27,20,118.43814882629107,53
k7vGFfSS_GEHK,Harlem Gospel Choir,Religious,2018/4/1,64,154.17297222222223,22
k7vGFfSVyoHjr,,Jazz,2018/5/19,79,80.35075426068376,55
k7vGFfU2dQAef,George Thorogood & The Destroyers,Rock,2018/4/20,90.5,70.75376623675557,61
k7vGFfULfJgNP,,Rock,2018/4/5,22.5,122.05767372598167,74
k7vGFfUMPXPNm,,Dance/Electronic,2018/4/21,79,100.61349616541351,34
k7vGFfUNUKE_a,,Jazz,2018/4/25,69,66.04684770779222,53
k7vGFfVhLw4t-,Harlem Gospel Choir,Religious,2018/4/8,64,154.17297222222223,22
k7vGFfVhLyPnj,Harlem Gospel Choir,Religious,2018/4/29,64,154.17297222222223,22
k7vGFfVwrMwZd,Paul Anka,Pop,2018/5/6,115,124.07456666666668,65
k7vGFfcQKLsDI,Udo Dirkschneider,Metal,2018/4/6,20,24.03196523809524,12
k7vGFfcYZPtQh,,Rock,2018/4/28,26.5,135.51328452380952,70
k7vGFfgD1udzm,Andy Grammer,Rock,2018/4/14,30.5,186.03611652476783,76
k7vGFfgJgg7A-,Straight No Chaser,Rock,2018/4/14,90,147.25416666666663,65
k7vGFfglnz9jK,Louder Than Love,Rock,2018/4/7,125,104.5462531862745,0
k7vGFfgm5dsD1,,Dance/Electronic,2018/5/11,99.5,116.50704019744485,93
k7vGFfn0bRC9I,Audra McDonald,Pop,2018/6/3,79,109.5329481303827,59
k7vGFfncI9OlC,,Jazz,2018/4/28,79,72.46542787179486,47
k7vGFfz3TeVbr,,Rock,2018/6/15,95,140.49979570346318,63
k7vGFfzu28JG6,,Rock,2018/4/26,25,132.42910833333332,64
vv16vZAu8kAZA85eG5,Tommy Emmanuel,Jazz,2018/4/12,49.5,45.5229361111111,53
vv170ZfUGkTAxPi7,Yo La Tengo,Rock,2018/6/8,28,33.81022365921116,65
vv170ZfwGkDd00ov,,Rock,2018/5/12,60,52.518900016650015,60
vv177ZfMGkMGfuER,,Rock,2018/4/23,35,52.76756300824176,63
vv177ZfMGkMaSW0r,,Hip-Hop/Rap,2018/4/22,30,39.28954805194805,67
vv177ZfMGkMziCfh,,Rock,2018/6/20,350,204.01354683402351,72
vv177ZfSGkn8Vxsp,,Pop,2018/4/11,49.5,52.62969785714286,76
vv177ZfSGknBkAxG,,Rock,2018/5/18,22,56.54299660916999,68
vv177ZfUGklKpE8G,Monsieur Perine,Jazz,2018/4/26,28,39.293912254901954,58
vv177ZfYGkBOV3_R,Shania Twain,Country,2018/7/11,155.45,117.71190370370377,76
vv177ZfgGkRtebJS,George Thorogood & The Destroyers,Rock,2018/4/13,75,83.3657614705997,61
vv177ZfgGknExeQ9,,Undefined,2018/6/1,160,59.4555,75
vv178ZfMGkUBw3cz,,Rock,2018/4/15,39.5,85.30207420508745,63
vv178ZfMGkm3IsS0,Taylor Swift,Rock,2018/6/1,186,184.50242478366152,95
vv178ZfUGkl8AKJC,Jethro Tull,Rock,2018/6/30,159,190.42396153846153,66
vv178ZfYGkiaaMFj,Shania Twain,Country,2018/5/19,169.95,149.39943213937633,76
vv17FZfMGkM_Z6XO,Jackson Browne,Rock,2018/5/13,100.5,111.2138395205929,69
vv17FZfMGkUlzP6u,,Rock,2018/4/11,100.5,84.64045714285716,80
vv17FZfUGkB4qNwA,Eric Marienthal,Rock,2018/4/10,36,51.299210591944295,40
vv17FZfUGkBIDVsy,Chris Heslop,Jazz,2018/4/12,25,40.55526666666667,0
vv17FZfUGkBu13Rq,Greg Hatza,Jazz,2018/4/7,20,38.6834875,2
vv17FZfUGkUiXVh7,Billy Price Band,Rock,2018/4/7,30,57.48328520324827,7
vv17FZfUGkXtU0EQ,Slam Allen,Blues,2018/4/15,45,51.57501666666668,12
vv17FZfgGkT9qAHk,U2,Rock,2018/6/29,330,256.7176117552603,85
vv17OZfMGkzd2UJp,Brian Culbertson,Jazz,2018/4/15,75,52.81753127983127,52
vv17OZfMGkzzYUhN,,Rock,2018/4/14,19.99,57.915671309940045,63
vv17OZfUGkBaQ3dO,,Country,2018/5/4,57,89.66965976430976,77
vv17OZfVGkRmePCI,The Purple Xperience,Undefined,2018/4/14,59,37.57425911172161,0
vv17OZfwGkDffPu-,Ethan Bortnick,Children's Music,2018/5/5,55,32.60523809523809,20
vv17bZfUGkUWOfs3,,Country,2018/4/26,126.99,124.58895203703692,74
vv17bZfgGkT-A7ln,,Religious,2018/4/15,75,78.33959543417367,67
vv17fZfMGkRnkEsQ,,Rock,2018/4/2,30,43.90107000733058,57
vv17fZfUGklwNIBA,,Rock,2018/7/15,75,106.77296363636364,66
vv17fZfgGkwj3xtl,,Rock,2018/7/11,89.5,134.54565595238094,78
vv17fZfwGkXgXAa_,Celtic Woman,World,2018/4/18,102,93.82099963924966,63
vv1A6ZAu9GkdW54D1,,Metal,2018/4/8,58,59.00660238095238,70
vv1AAZACvGkewhAMb,Brian Culbertson,Jazz,2018/4/8,49.5,51.01357752525253,52
vv1AAZAuEGkePMSx1,AJR,Pop,2018/4/18,30,48.76618809523811,76
vv1AAZAuIGkdfxAVf,AJR,Pop,2018/4/17,18,49.97693725108225,76
vv1AFZAu8Gke0eeBF,,R&B,2018/4/5,55,69.67617063492064,62
vv1AFZAuUGkeISwbp,Khalid,R&B,2018/6/1,60.95,102.94886576340333,98
vv1AaZA13Gkdm1_Ka,,Rock,2018/6/7,35,70.83518155624569,77
vv1AeZAuUGkdRAy69,Get the Led Out,Undefined,2018/6/26,45,46.02598666666667,0
vv1AeZAugGkd87k6R,Assembly of Dust,Rock,2018/4/28,18,46.54484955611764,33
vv1AkZAu-GkeczNRd,,Country,2018/7/8,117.5,139.52613191798943,79
vv1AvZAGSGkd_d7RV,,Performance Art,2018/5/2,31,30.024047619047625,39
vv1AvZAGVGkdSSF6u,Joe Bonamassa,Blues,2018/4/28,199,115.36067106060605,64
vv1AvZAu-GkeMq9qQ,,Country,2018/6/16,138,102.41987797270954,79
vv1AvZAuIGkdq4ERm,The Suffers,R&B,2018/4/26,12,18.182166666666667,45
vv1AvZAuIGkeWmPzc,AJR,Pop,2018/5/12,45,50.475145833333336,76
vv1AvZAugGkdYJHNX,,Country,2018/4/18,35,47.65689166666667,52
vv1AvZAusGkdcG5e5,Taylor Swift,Rock,2018/7/28,499.5,559.0178240454111,95
vv1F7ZfMOErbZdCFA,Fozzy,Rock,2018/4/7,18,29.376231098901098,57
vv1k8ZfUkkG7cokm,Foreigner,Rock,2018/4/7,119,223.55986064560446,72
vv1kOZfUFtG7BEQB,,Metal,2018/4/12,32,30.64933928571428,57
vv1ke8vKqIGA1--_Y,Raphael,World,2018/4/22,109.5,76.60045238095238,61
vv1keZvKoZGAuiU8i,Sam Smith,Rock,2018/6/22,125,518.4364325998993,97
vvG10ZfmM-mu2P,Peter Hook and the Light,Rock,2018/5/18,40,48.825840476190486,28
vvG17Zfmr4A3Xq,Pam Tillis,Country,2018/4/14,45.3,74.88942121212126,54
vvG1HZfMmtHvDG,,Country,2018/5/19,57,184.88096646825412,77
vvG1IZfSnJgSkd,,Performance Art,2018/4/4,22.5,28.501214285714287,39
vvG1OZflEzld5x,The Fab Faux,Undefined,2018/4/21,85,38.35439423076923,1
vvG1VZfMB4e_n5,Odesza,Dance/Electronic,2018/5/18,55.25,130.3117119047619,81
vvG1VZfS5GJ_IU,,Rock,2018/4/14,24.5,34.518644663207155,64
vvG1VZfSK6Kn50,Ambrosia,Rock,2018/4/6,187.25,191.24117499999997,53
vvG1VZfUXIw_ml,Royal Blood,Rock,2018/6/11,26,48.91103949275362,75
vvG1VZfYwcPlHi,Shania Twain,Country,2018/6/1,155.7,181.14979103886867,76
vvG1VZfgT_012h,,Metal,2018/4/2,23.5,30.434833333333337,57
vvG1YZfM8z7gZn,,Religious,2018/5/26,125,83.90431428571428,67
vvG1YZfMKJRV1z,Khalid,R&B,2018/5/16,50.95,83.51943243006987,98
vvG1YZfMzWAk33,,Rock,2018/7/21,350,266.7487015656566,72
vvG1YZfURrVKc2,Maluma,World,2018/4/20,150.5,217.8351209096459,92
vvG1YZfUUeg-Rs,Huey Lewis and the News,Rock,2018/5/11,50,74.85114444444446,68
vvG1YZfV2d4SmT,P!NK,Rock,2018/5/1,250,229.41656243328683,89
vvG1YZfgEJOP8Q,,Rock,2018/6/9,200,222.25767568553744,95
vvG1fZfR2cGybG,Columbus Jazz Orchestra,Jazz,2018/4/26,71,63.23067457925407,1
vvG1zZfM9Vb1C7,Royal Blood,Rock,2018/6/14,25,170.1489270107912,75
vvG1zZfMStcpRa,Chicago,Rock,2018/5/20,122.5,201.17976685977425,72
vvG1zZfMetmVgm,Maluma,World,2018/5/10,142.5,180.90302051282052,92
vvG1zZfUz9eiFX,Arcangel,Hip-Hop/Rap,2018/4/14,40,105.08899133309222,88
vvG1zZfVRVHQC2,Rhiannon Giddens,Country,2018/4/14,47.15,48.96820656565656,52
vvG1zZfgBDy7m5,,Rock,2018/7/24,79.5,81.3904613095238,78
vvG1zZfwBIbpKk,,Pop,2018/4/10,34,57.606075104515064,64
vvG1zZfzaXJw58,,Rock,2018/7/8,500,441.38989722222215,72
16eFZfwQ4G7Wb_N,House of Blues Gospel Brunch,Religious,2018/9/2,43,43.066322222222226,0
1A4ZAu9GkdSWxyj,,Rock,2018/10/2,149.5,204.60296308364246,95
1ApZAu_Gkdco7MH,,Rock,2018/9/22,144.5,742.5900273060797,95
1ApZAubGkdvg3TY,,Rock,2018/9/29,142.5,601.6901523060797,95
1Av0ZfgGkTF-eJW,,Rock,2018/8/12,89.5,207.89119595864668,78
G5vYZfSUM_kB0,Sam Smith,Rock,2018/9/4,131.25,225.13350011194441,97
G5vYZfSgRheCG,Sam Smith,Rock,2018/9/5,121,292.81170589033263,97
G5vYZfwMNIJxX,,Rock,2018/8/4,107,147.55319669573646,87
G5viZfMw43NDo,Taylor Swift,Rock,2018/8/25,496.5,268.39847562781733,95
vv177ZfSGkRRfyh-,,Country,2018/8/25,250,282.77338062770565,76
vv17bZfMGkSZ7dTS,Taylor Swift,Rock,2018/9/8,495.5,715.354142123709,95
vv1AkZAu7GkdxePTE,Sam Smith,Rock,2018/8/17,122,688.8821393459313,97
vv1AvZAubGkd31p5I,,Rock,2018/10/7,195,288.46992731762924,95
vv1kbZfgxaG7nwAa,,Rock,2018/9/18,692,770.9999433006535,95
vvG1IZfU6ewohs,,Rock,2018/8/11,99.5,127.14372554112553,78
vvG1IZfwB56s5h,,Rock,2018/8/17,99.5,231.11021976391837,87
vvG1VZfS3UctwX,Ed Sheeran,Pop,2018/11/7,107,172.10918880952383,100
vvG1VZfwB5wbeq,,Rock,2018/9/23,99,184.78459541666672,87
vvG1zZfS2VNI_u,Ed Sheeran,Pop,2018/11/10,120,284.88821666666666,100
vvG1zZfUO4x13n,Alan Jackson,Country,2018/9/15,129.99,126.4384416666666,75
